date,ticker,code,VolumeFactor,PriceFactor
2025-10-03,AAL,Airlines,0.5781578947368421,0.7342105263157894
2025-10-02,AAL,Airlines,0.6290789473684212,0.741578947368421
2025-10-01,AAL,Airlines,0.5924999999999999,0.7085526315789473
2025-09-30,AAL,Airlines,0.568157894736842,0.6811842105263157
2025-09-29,AAL,Airlines,0.5869736842105262,0.6747368421052632
2025-09-26,AAL,Airlines,0.5644736842105262,0.6875
2025-09-25,AAL,Airlines,0.5848684210526316,0.6857894736842105
2025-09-24,AAL,Airlines,0.6313157894736843,0.7371052631578947
2025-09-23,AAL,Airlines,0.6303947368421052,0.7494736842105263
2025-09-22,AAL,Airlines,0.6797368421052632,0.7035526315789473
2025-09-19,AAL,Airlines,0.7339473684210525,0.6110526315789473
2025-09-18,AAL,Airlines,0.7738157894736841,0.6023684210526316
2025-09-17,AAL,Airlines,0.7542105263157893,0.5648684210526316
2025-09-16,AAL,Airlines,0.7464473684210526,0.6003947368421052
2025-09-15,AAL,Airlines,0.7772368421052631,0.616578947368421
2025-09-12,AAL,Airlines,0.8121052631578948,0.6180263157894736
2025-09-11,AAL,Airlines,0.8217105263157896,0.5922368421052632
2025-09-10,AAL,Airlines,0.783421052631579,0.6009210526315789
2025-09-09,AAL,Airlines,0.7897368421052632,0.329078947368421
2025-09-08,AAL,Airlines,0.8061842105263157,0.30657894736842106
2025-09-05,AAL,Airlines,0.8010526315789473,0.3252631578947368
2025-10-03,AAPL,Mag 7,0.6385526315789474,0.5406578947368421
2025-10-02,AAPL,Mag 7,0.660921052631579,0.5698684210526316
2025-10-01,AAPL,Mag 7,0.6873684210526316,0.5685526315789474
2025-09-30,AAPL,Mag 7,0.7098684210526315,0.5277631578947368
2025-09-29,AAPL,Mag 7,0.6846052631578947,0.4960526315789474
2025-09-26,AAPL,Mag 7,0.6638157894736842,0.5494736842105263
2025-09-25,AAPL,Mag 7,0.6936842105263158,0.5786842105263158
2025-09-24,AAPL,Mag 7,0.6982894736842105,0.5619736842105263
2025-09-23,AAPL,Mag 7,0.734078947368421,0.5434210526315789
2025-09-22,AAPL,Mag 7,0.7651315789473684,0.5238157894736842
2025-09-19,AAPL,Mag 7,0.6861842105263157,0.6044736842105264
2025-09-18,AAPL,Mag 7,0.6534210526315789,0.6407894736842106
2025-09-17,AAPL,Mag 7,0.6575,0.5938157894736842
2025-09-16,AAPL,Mag 7,0.6642105263157895,0.5974999999999999
2025-09-15,AAPL,Mag 7,0.6802631578947369,0.5940789473684209
2025-09-12,AAPL,Mag 7,0.6834210526315789,0.5963157894736842
2025-09-11,AAPL,Mag 7,0.6819736842105263,0.6073684210526316
2025-09-10,AAPL,Mag 7,0.6761842105263157,0.6101315789473685
2025-09-09,AAPL,Mag 7,0.6852631578947368,0.6527631578947368
2025-09-08,AAPL,Mag 7,0.7256578947368421,0.6552631578947368
2025-09-05,AAPL,Mag 7,0.7390789473684211,0.5097368421052633
2025-10-03,ACHR,EV,0.3913157894736842,0.5036842105263158
2025-10-02,ACHR,EV,0.32828947368421046,0.674078947368421
2025-10-01,ACHR,EV,0.30947368421052635,0.6569736842105264
2025-09-30,ACHR,EV,0.2963157894736842,0.643157894736842
2025-09-29,ACHR,EV,0.29039473684210526,0.3146052631578947
2025-09-26,ACHR,EV,0.2735526315789474,0.3065131578947368
2025-09-25,ACHR,EV,0.2976315789473684,0.3026973684210526
2025-09-24,ACHR,EV,0.28960526315789475,0.6048684210526316
2025-09-23,ACHR,EV,0.3211842105263158,0.6164473684210525
2025-09-22,ACHR,EV,0.2413157894736842,0.6546052631578947
2025-09-19,ACHR,EV,0.2531578947368421,0.6553947368421053
2025-09-18,ACHR,EV,0.17513157894736842,0.659078947368421
2025-09-17,ACHR,EV,0.1794736842105263,0.6357894736842106
2025-09-16,ACHR,EV,0.18184210526315792,0.30782894736842104
2025-09-15,ACHR,EV,0.19,0.5809210526315789
2025-09-12,ACHR,EV,0.18894736842105264,0.2968421052631579
2025-09-11,ACHR,EV,0.16815789473684212,0.2946052631578947
2025-09-10,ACHR,EV,0.20907894736842103,0.2732236842105263
2025-09-09,ACHR,EV,0.2186842105263158,0.2619078947368421
2025-09-08,ACHR,EV,0.23802631578947367,0.2643421052631579
2025-09-05,ACHR,EV,0.2935526315789474,0.5303947368421053
2025-10-03,ADBE,Software,0.2201315789473684,0.5861842105263159
2025-10-02,ADBE,Software,0.22539473684210526,0.5885526315789474
2025-10-01,ADBE,Software,0.22394736842105264,0.5332894736842104
2025-09-30,ADBE,Software,0.22749999999999998,0.29296052631578945
2025-09-29,ADBE,Software,0.21407894736842106,0.5411842105263158
2025-09-26,ADBE,Software,0.22026315789473686,0.5694736842105264
2025-09-25,ADBE,Software,0.21815789473684213,0.5848684210526316
2025-09-24,ADBE,Software,0.2205263157894737,0.569078947368421
2025-09-23,ADBE,Software,0.23157894736842108,0.5563157894736842
2025-09-22,ADBE,Software,0.23434210526315793,0.6405263157894738
2025-09-19,ADBE,Software,0.2286842105263158,0.5968421052631578
2025-09-18,ADBE,Software,0.2710526315789474,0.585
2025-09-17,ADBE,Software,0.2744736842105263,0.5443421052631578
2025-09-16,ADBE,Software,0.23407894736842108,0.30828947368421056
2025-09-15,ADBE,Software,0.20013157894736844,0.32901315789473684
2025-09-12,ADBE,Software,0.20355263157894737,0.3439473684210526
2025-09-11,ADBE,Software,0.2201315789473684,0.3505263157894737
2025-09-10,ADBE,Software,0.165,0.31499999999999995
2025-09-09,ADBE,Software,0.17539473684210527,0.30500000000000005
2025-09-08,ADBE,Software,0.23276315789473684,0.2935526315789474
2025-09-05,ADBE,Software,0.2182894736842105,0.29940789473684215
2025-10-03,ALAB,Semis,0.6523684210526315,0.3248684210526316
2025-10-02,ALAB,Semis,0.6560526315789473,0.3268421052631579
2025-10-01,ALAB,Semis,0.6746052631578948,0.3019736842105263
2025-09-30,ALAB,Semis,0.6873684210526315,0.2914473684210526
2025-09-29,ALAB,Semis,0.7002631578947368,0.25842105263157894
2025-09-26,ALAB,Semis,0.6847368421052632,0.25421052631578944
2025-09-25,ALAB,Semis,0.6857894736842105,0.25026315789473685
2025-09-24,ALAB,Semis,0.6903947368421053,0.23605263157894735
2025-09-23,ALAB,Semis,0.6859210526315789,0.2789473684210526
2025-09-22,ALAB,Semis,0.6957894736842105,0.2747368421052631
2025-09-19,ALAB,Semis,0.7371052631578948,0.29289473684210526
2025-09-18,ALAB,Semis,0.8103947368421054,0.30171052631578943
2025-09-17,ALAB,Semis,0.8434210526315788,0.31144736842105264
2025-09-16,ALAB,Semis,0.8223684210526316,0.29289473684210526
2025-09-15,ALAB,Semis,0.8105263157894737,0.28328947368421054
2025-09-12,ALAB,Semis,0.8164473684210526,0.2922368421052632
2025-09-11,ALAB,Semis,0.8207894736842105,0.27710526315789474
2025-09-10,ALAB,Semis,0.8303947368421052,0.2696052631578947
2025-09-09,ALAB,Semis,0.8327631578947368,0.28039473684210525
2025-09-08,ALAB,Semis,0.8373684210526317,0.25999999999999995
2025-09-05,ALAB,Semis,0.783157894736842,0.38855263157894737
2025-10-03,AMD,Semis,0.4875,0.7746052631578947
2025-10-02,AMD,Semis,0.5528947368421053,0.7047368421052631
2025-10-01,AMD,Semis,0.5265789473684211,0.7625
2025-09-30,AMD,Semis,0.5407894736842105,0.7507894736842106
2025-09-29,AMD,Semis,0.5282894736842105,0.7380263157894738
2025-09-26,AMD,Semis,0.49013157894736836,0.7032894736842106
2025-09-25,AMD,Semis,0.49921052631578955,0.691578947368421
2025-09-24,AMD,Semis,0.4956578947368421,0.6892105263157895
2025-09-23,AMD,Semis,0.4885526315789474,0.6811842105263157
2025-09-22,AMD,Semis,0.5089473684210526,0.6776315789473684
2025-09-19,AMD,Semis,0.511578947368421,0.6465789473684211
2025-09-18,AMD,Semis,0.6292105263157894,0.6277631578947369
2025-09-17,AMD,Semis,0.6909210526315789,0.6069736842105263
2025-09-16,AMD,Semis,0.7193421052631578,0.5536842105263158
2025-09-15,AMD,Semis,0.7448684210526315,0.569342105263158
2025-09-12,AMD,Semis,0.7293421052631578,0.5453947368421053
2025-09-11,AMD,Semis,0.7567105263157895,0.5138157894736842
2025-09-10,AMD,Semis,0.8,0.4356578947368421
2025-09-09,AMD,Semis,0.8148684210526317,0.4030263157894737
2025-09-08,AMD,Semis,0.8164473684210526,0.4076315789473684
2025-09-05,AMD,Semis,0.8310526315789474,0.39960526315789474
2025-10-03,AMZN,Mag 7,0.43802631578947365,0.8373684210526317
2025-10-02,AMZN,Mag 7,0.4597368421052631,0.8310526315789473
2025-10-01,AMZN,Mag 7,0.46842105263157896,0.7228947368421054
2025-09-30,AMZN,Mag 7,0.43210526315789477,0.7172368421052632
2025-09-29,AMZN,Mag 7,0.5009210526315789,0.7194736842105264
2025-09-26,AMZN,Mag 7,0.49289473684210533,0.7564473684210526
2025-09-25,AMZN,Mag 7,0.43723684210526315,0.7598684210526315
2025-09-24,AMZN,Mag 7,0.48539473684210527,0.7578947368421053
2025-09-23,AMZN,Mag 7,0.43328947368421056,0.7411842105263158
2025-09-22,AMZN,Mag 7,0.5580263157894736,0.7827631578947369
2025-09-19,AMZN,Mag 7,0.5911842105263158,0.7267105263157895
2025-09-18,AMZN,Mag 7,0.5185526315789474,0.7001315789473684
2025-09-17,AMZN,Mag 7,0.5531578947368421,0.6538157894736841
2025-09-16,AMZN,Mag 7,0.5632894736842106,0.6763157894736842
2025-09-15,AMZN,Mag 7,0.5218421052631579,0.6838157894736843
2025-09-12,AMZN,Mag 7,0.4709210526315789,0.6865789473684211
2025-09-11,AMZN,Mag 7,0.5131578947368421,0.6393421052631579
2025-09-10,AMZN,Mag 7,0.5227631578947368,0.6423684210526317
2025-09-09,AMZN,Mag 7,0.5288157894736841,0.6819736842105264
2025-09-08,AMZN,Mag 7,0.5488157894736841,0.685
2025-09-05,AMZN,Mag 7,0.520921052631579,0.7150000000000001
2025-10-03,ANET,AI,0.6925,0.46618421052631576
2025-10-02,ANET,AI,0.704078947368421,0.4728947368421053
2025-10-01,ANET,AI,0.7382894736842106,0.4702631578947368
2025-09-30,ANET,AI,0.7325,0.4515789473684211
2025-09-29,ANET,AI,0.7328947368421052,0.4231578947368421
2025-09-26,ANET,AI,0.7336842105263158,0.444078947368421
2025-09-25,ANET,AI,0.7403947368421052,0.4186842105263158
2025-09-24,ANET,AI,0.735,0.3977631578947368
2025-09-23,ANET,AI,0.7328947368421053,0.39828947368421047
2025-09-22,ANET,AI,0.7309210526315789,0.39052631578947367
2025-09-19,ANET,AI,0.7498684210526315,0.38710526315789473
2025-09-18,ANET,AI,0.7293421052631578,0.3725
2025-09-17,ANET,AI,0.7505263157894736,0.32460526315789473
2025-09-16,ANET,AI,0.7673684210526316,0.3505263157894737
2025-09-15,ANET,AI,0.7690789473684211,0.36921052631578943
2025-09-12,ANET,AI,0.7549999999999999,0.38565789473684203
2025-09-11,ANET,AI,0.7796052631578947,0.4968421052631579
2025-09-10,ANET,AI,0.7451315789473684,0.5056578947368421
2025-09-09,ANET,AI,0.6975000000000001,0.5885526315789473
2025-09-08,ANET,AI,0.7132894736842105,0.5714473684210526
2025-09-05,ANET,AI,0.7210526315789474,0.5765789473684211
2025-10-03,APLD,AI,0.5830263157894736,0.23118421052631574
2025-10-02,APLD,AI,0.5676315789473684,0.21921052631578944
2025-10-01,APLD,AI,0.5678947368421052,0.24
2025-09-30,APLD,AI,0.5628947368421052,0.22644736842105262
2025-09-29,APLD,AI,0.555,0.20276315789473684
2025-09-26,APLD,AI,0.5584210526315789,0.20026315789473684
2025-09-25,APLD,AI,0.5726315789473684,0.2057894736842105
2025-09-24,APLD,AI,0.5714473684210526,0.21447368421052632
2025-09-23,APLD,AI,0.5580263157894737,0.2225
2025-09-22,APLD,AI,0.5368421052631579,0.21881578947368419
2025-09-19,APLD,AI,0.5223684210526316,0.34763157894736846
2025-09-18,APLD,AI,0.525,0.326578947368421
2025-09-17,APLD,AI,0.5310526315789473,0.3205263157894737
2025-09-16,APLD,AI,0.5085526315789473,0.3107894736842105
2025-09-15,APLD,AI,0.48539473684210527,0.20092105263157892
2025-09-12,APLD,AI,0.43815789473684214,0.2278947368421053
2025-09-11,APLD,AI,0.4126315789473684,0.25026315789473685
2025-09-10,APLD,AI,0.4189473684210527,0.26776315789473687
2025-09-09,APLD,AI,0.3643421052631579,0.25815789473684214
2025-09-08,APLD,AI,0.3817105263157895,0.26078947368421046
2025-09-05,APLD,AI,0.3721052631578947,0.28421052631578947
2025-10-03,APP,Software,0.9371052631578948,0.3011842105263158
2025-10-02,APP,Software,0.9282894736842104,0.2581578947368421
2025-10-01,APP,Software,0.9218421052631578,0.28710526315789475
2025-09-30,APP,Software,0.9178947368421052,0.30144736842105263
2025-09-29,APP,Software,0.9185526315789474,0.2955263157894737
2025-09-26,APP,Software,0.9068421052631578,0.3588157894736842
2025-09-25,APP,Software,0.9055263157894735,0.3605263157894737
2025-09-24,APP,Software,0.9043421052631578,0.34921052631578947
2025-09-23,APP,Software,0.909342105263158,0.32973684210526316
2025-09-22,APP,Software,0.8893421052631578,0.3125
2025-09-19,APP,Software,0.8832894736842105,0.2847368421052631
2025-09-18,APP,Software,0.8186842105263158,0.2788157894736842
2025-09-17,APP,Software,0.7928947368421053,0.2722368421052631
2025-09-16,APP,Software,0.7817105263157895,0.21842105263157893
2025-09-15,APP,Software,0.7526315789473683,0.19486842105263158
2025-09-12,APP,Software,0.7092105263157893,0.20789473684210524
2025-09-11,APP,Software,0.7051315789473683,0.1976315789473684
2025-09-10,APP,Software,0.6794736842105263,0.15434210526315792
2025-09-09,APP,Software,0.6830263157894736,0.14947368421052631
2025-09-08,APP,Software,0.6538157894736842,0.16065789473684208
2025-09-05,APP,Software,0.5727631578947368,0.2915789473684211
2025-10-03,ARM,Semis,0.1955263157894737,0.5928947368421053
2025-10-02,ARM,Semis,0.18947368421052632,0.5905263157894737
2025-10-01,ARM,Semis,0.19499999999999998,0.5710526315789474
2025-09-30,ARM,Semis,0.17171052631578948,0.6110526315789474
2025-09-29,ARM,Semis,0.17526315789473684,0.2849342105263158
2025-09-26,ARM,Semis,0.1648684210526316,0.27782894736842106
2025-09-25,ARM,Semis,0.1555263157894737,0.2749342105263158
2025-09-24,ARM,Semis,0.15539473684210528,0.525
2025-09-23,ARM,Semis,0.13684210526315793,0.5175
2025-09-22,ARM,Semis,0.1531578947368421,0.5376315789473683
2025-09-19,ARM,Semis,0.15263157894736842,0.5059210526315789
2025-09-18,ARM,Semis,0.21052631578947373,0.49013157894736836
2025-09-17,ARM,Semis,0.24210526315789474,0.4936842105263158
2025-09-16,ARM,Semis,0.2844736842105263,0.4660526315789474
2025-09-15,ARM,Semis,0.29973684210526313,0.47342105263157896
2025-09-12,ARM,Semis,0.29894736842105263,0.45092105263157894
2025-09-11,ARM,Semis,0.32881578947368423,0.4580263157894737
2025-09-10,ARM,Semis,0.29157894736842105,0.4922368421052632
2025-09-09,ARM,Semis,0.2189473684210526,0.6384210526315789
2025-09-08,ARM,Semis,0.23065789473684212,0.6072368421052632
2025-09-05,ARM,Semis,0.2138157894736842,0.5942105263157894
2025-10-03,ASML,Semis,0.3930263157894737,0.3721052631578947
2025-10-02,ASML,Semis,0.41460526315789475,0.3386842105263158
2025-10-01,ASML,Semis,0.3927631578947368,0.34263157894736845
2025-09-30,ASML,Semis,0.3823684210526315,0.3615789473684211
2025-09-29,ASML,Semis,0.34065789473684205,0.30973684210526314
2025-09-26,ASML,Semis,0.31894736842105265,0.2839473684210526
2025-09-25,ASML,Semis,0.31815789473684214,0.2875
2025-09-24,ASML,Semis,0.2998684210526316,0.26105263157894737
2025-09-23,ASML,Semis,0.31026315789473685,0.27644736842105266
2025-09-22,ASML,Semis,0.28960526315789475,0.37802631578947365
2025-09-19,ASML,Semis,0.24907894736842104,0.39960526315789474
2025-09-18,ASML,Semis,0.24697368421052635,0.3588157894736842
2025-09-17,ASML,Semis,0.20013157894736838,0.4607894736842105
2025-09-16,ASML,Semis,0.2301315789473684,0.5192105263157895
2025-09-15,ASML,Semis,0.17789473684210527,0.5401315789473684
2025-09-12,ASML,Semis,0.16078947368421054,0.7372368421052632
2025-09-11,ASML,Semis,0.16289473684210526,0.7278947368421052
2025-09-10,ASML,Semis,0.15986842105263158,0.7424999999999999
2025-09-09,ASML,Semis,0.16749999999999998,0.7369736842105263
2025-09-08,ASML,Semis,0.18223684210526314,0.7548684210526315
2025-09-05,ASML,Semis,0.16789473684210526,0.779078947368421
2025-10-03,ASTS,Space,0.655657894736842,0.15526315789473683
2025-10-02,ASTS,Space,0.6428947368421053,0.18552631578947368
2025-10-01,ASTS,Space,0.575657894736842,0.25355263157894736
2025-09-30,ASTS,Space,0.5038157894736842,0.24144736842105263
2025-09-29,ASTS,Space,0.5239473684210526,0.2528947368421053
2025-09-26,ASTS,Space,0.5457894736842105,0.28039473684210525
2025-09-25,ASTS,Space,0.5588157894736842,0.29236842105263156
2025-09-24,ASTS,Space,0.5555263157894738,0.2986842105263158
2025-09-23,ASTS,Space,0.5577631578947368,0.28986842105263155
2025-09-22,ASTS,Space,0.4044736842105263,0.28197368421052627
2025-09-19,ASTS,Space,0.39026315789473687,0.27710526315789474
2025-09-18,ASTS,Space,0.3314473684210526,0.2936842105263158
2025-09-17,ASTS,Space,0.34960526315789475,0.2777631578947369
2025-09-16,ASTS,Space,0.3968421052631579,0.27302631578947373
2025-09-15,ASTS,Space,0.4857894736842105,0.2842105263157895
2025-09-12,ASTS,Space,0.5190789473684211,0.31776315789473686
2025-09-11,ASTS,Space,0.49776315789473685,0.31894736842105265
2025-09-10,ASTS,Space,0.5078947368421053,0.33907894736842104
2025-09-09,ASTS,Space,0.5772368421052632,0.23644736842105263
2025-09-08,ASTS,Space,0.6563157894736842,0.3427631578947369
2025-09-05,ASTS,Space,0.6713157894736841,0.37631578947368427
2025-10-03,AVGO,Semis,0.5648684210526316,0.3927631578947368
2025-10-02,AVGO,Semis,0.591842105263158,0.2868421052631579
2025-10-01,AVGO,Semis,0.6206578947368422,0.24407894736842106
2025-09-30,AVGO,Semis,0.6113157894736843,0.22328947368421054
2025-09-29,AVGO,Semis,0.5819736842105263,0.20513157894736841
2025-09-26,AVGO,Semis,0.5811842105263159,0.19421052631578947
2025-09-25,AVGO,Semis,0.6034210526315789,0.19592105263157894
2025-09-24,AVGO,Semis,0.5893421052631579,0.1856578947368421
2025-09-23,AVGO,Semis,0.6073684210526316,0.16223684210526318
2025-09-22,AVGO,Semis,0.5598684210526316,0.1611842105263158
2025-09-19,AVGO,Semis,0.6060526315789474,0.14236842105263156
2025-09-18,AVGO,Semis,0.6847368421052631,0.13894736842105262
2025-09-17,AVGO,Semis,0.7086842105263158,0.11855263157894735
2025-09-16,AVGO,Semis,0.7472368421052631,0.1286842105263158
2025-09-15,AVGO,Semis,0.7364473684210526,0.13671052631578948
2025-09-12,AVGO,Semis,0.728157894736842,0.1506578947368421
2025-09-11,AVGO,Semis,0.6988157894736842,0.15052631578947367
2025-09-10,AVGO,Semis,0.7203947368421053,0.16894736842105262
2025-09-09,AVGO,Semis,0.6731578947368422,0.20960526315789474
2025-09-08,AVGO,Semis,0.6964473684210527,0.22578947368421054
2025-09-05,AVGO,Semis,0.6288157894736841,0.2744736842105263
2025-10-03,BA,Airlines,0.1968421052631579,0.7680263157894737
2025-10-02,BA,Airlines,0.2061842105263158,0.7635526315789474
2025-10-01,BA,Airlines,0.23657894736842108,0.7768421052631579
2025-09-30,BA,Airlines,0.22447368421052633,0.6111842105263158
2025-09-29,BA,Airlines,0.23947368421052634,0.5842105263157895
2025-09-26,BA,Airlines,0.25592105263157894,0.6255263157894737
2025-09-25,BA,Airlines,0.17315789473684212,0.7363157894736843
2025-09-24,BA,Airlines,0.18223684210526317,0.7102631578947368
2025-09-23,BA,Airlines,0.18157894736842106,0.6488157894736841
2025-09-22,BA,Airlines,0.15421052631578946,0.6594736842105263
2025-09-19,BA,Airlines,0.16552631578947366,0.6325000000000001
2025-09-18,BA,Airlines,0.20592105263157895,0.5998684210526316
2025-09-17,BA,Airlines,0.18539473684210525,0.6038157894736842
2025-09-16,BA,Airlines,0.215,0.5767105263157895
2025-09-15,BA,Airlines,0.25276315789473686,0.5755263157894737
2025-09-12,BA,Airlines,0.2727631578947369,0.5668421052631579
2025-09-11,BA,Airlines,0.2731578947368421,0.6209210526315789
2025-09-10,BA,Airlines,0.33171052631578946,0.690921052631579
2025-09-09,BA,Airlines,0.305,0.6156578947368421
2025-09-08,BA,Airlines,0.23644736842105263,0.6056578947368421
2025-09-05,BA,Airlines,0.22342105263157894,0.5980263157894736
2025-10-03,BABA,China,0.8630263157894736,0.28578947368421054
2025-10-02,BABA,China,0.8732894736842105,0.27421052631578946
2025-10-01,BABA,China,0.8751315789473684,0.22986842105263158
2025-09-30,BABA,China,0.8644736842105262,0.22855263157894737
2025-09-29,BABA,China,0.8673684210526315,0.22394736842105264
2025-09-26,BABA,China,0.8714473684210526,0.12342105263157895
2025-09-25,BABA,China,0.8618421052631579,0.11263157894736842
2025-09-24,BABA,China,0.8509210526315788,0.10210526315789473
2025-09-23,BABA,China,0.8103947368421052,0.12078947368421052
2025-09-22,BABA,China,0.8239473684210527,0.12144736842105264
2025-09-19,BABA,China,0.82,0.11197368421052631
2025-09-18,BABA,China,0.8139473684210526,0.09921052631578947
2025-09-17,BABA,China,0.8047368421052631,0.09144736842105262
2025-09-16,BABA,China,0.7730263157894736,0.09697368421052631
2025-09-15,BABA,China,0.7556578947368421,0.11157894736842106
2025-09-12,BABA,China,0.7402631578947368,0.13026315789473683
2025-09-11,BABA,China,0.7460526315789473,0.14907894736842103
2025-09-10,BABA,China,0.6939473684210526,0.18315789473684208
2025-09-09,BABA,China,0.708421052631579,0.17171052631578948
2025-09-08,BABA,China,0.658157894736842,0.20973684210526314
2025-09-05,BABA,China,0.594078947368421,0.24947368421052635
2025-10-03,BULL,China,0.6142105263157895,0.7122368421052631
2025-10-02,BULL,China,0.6380263157894737,0.719078947368421
2025-10-01,BULL,China,0.6226315789473683,0.7113157894736842
2025-09-30,BULL,China,0.7073684210526315,0.6955263157894738
2025-09-29,BULL,China,0.7184210526315788,0.7169736842105263
2025-09-26,BULL,China,0.7135526315789473,0.719342105263158
2025-09-25,BULL,China,0.6588157894736841,0.7313157894736841
2025-09-24,BULL,China,0.6073684210526314,0.7192105263157895
2025-09-23,BULL,China,0.6481578947368422,0.703421052631579
2025-09-22,BULL,China,0.6630263157894736,0.6725
2025-09-19,BULL,China,0.6253947368421052,0.6480263157894737
2025-09-18,BULL,China,0.6023684210526316,0.6185526315789474
2025-09-17,BULL,China,0.5901315789473683,0.595657894736842
2025-09-16,BULL,China,0.6139473684210526,0.5747368421052632
2025-09-15,BULL,China,0.6411842105263157,0.5281578947368422
2025-09-12,BULL,China,0.6778947368421051,0.5105263157894736
2025-09-11,BULL,China,0.6946052631578946,0.49907894736842107
2025-09-10,BULL,China,0.6939473684210526,0.5076315789473684
2025-09-09,BULL,China,0.6917105263157894,0.5239473684210526
2025-09-08,BULL,China,0.7227631578947369,0.5130263157894737
2025-09-05,BULL,China,0.7209210526315789,0.5176315789473684
2025-10-03,CEG,Clean,0.18855263157894736,0.3919736842105263
2025-10-02,CEG,Clean,0.1431578947368421,0.40263157894736845
2025-10-01,CEG,Clean,0.13789473684210524,0.42723684210526314
2025-09-30,CEG,Clean,0.11802631578947367,0.48736842105263156
2025-09-29,CEG,Clean,0.12565789473684208,0.5131578947368421
2025-09-26,CEG,Clean,0.1381578947368421,0.5010526315789474
2025-09-25,CEG,Clean,0.13526315789473684,0.49473684210526314
2025-09-24,CEG,Clean,0.11894736842105263,0.5103947368421053
2025-09-23,CEG,Clean,0.11263157894736842,0.5071052631578947
2025-09-22,CEG,Clean,0.10236842105263158,0.5125000000000001
2025-09-19,CEG,Clean,0.10078947368421053,0.5947368421052631
2025-09-18,CEG,Clean,0.07618421052631578,0.579078947368421
2025-09-17,CEG,Clean,0.07907894736842105,0.5331578947368422
2025-09-16,CEG,Clean,0.08197368421052631,0.5555263157894736
2025-09-15,CEG,Clean,0.09052631578947369,0.5823684210526315
2025-09-12,CEG,Clean,0.09486842105263156,0.5928947368421053
2025-09-11,CEG,Clean,0.1044736842105263,0.5872368421052632
2025-09-10,CEG,Clean,0.14999999999999997,0.5146052631578948
2025-09-09,CEG,Clean,0.09605263157894736,0.6325000000000001
2025-09-08,CEG,Clean,0.10263157894736842,0.6373684210526316
2025-09-05,CEG,Clean,0.13710526315789473,0.6514473684210527
2025-10-03,CLSK,Crypto,0.5421052631578948,0.10328947368421051
2025-10-02,CLSK,Crypto,0.5106578947368421,0.12552631578947368
2025-10-01,CLSK,Crypto,0.5010526315789474,0.12552631578947368
2025-09-30,CLSK,Crypto,0.5160526315789473,0.145
2025-09-29,CLSK,Crypto,0.5002631578947369,0.17197368421052633
2025-09-26,CLSK,Crypto,0.41657894736842105,0.21421052631578943
2025-09-25,CLSK,Crypto,0.4749999999999999,0.26552631578947367
2025-09-24,CLSK,Crypto,0.5085526315789474,0.2823684210526316
2025-09-23,CLSK,Crypto,0.4771052631578947,0.2956578947368421
2025-09-22,CLSK,Crypto,0.36447368421052634,0.3261842105263158
2025-09-19,CLSK,Crypto,0.3164473684210526,0.3422368421052632
2025-09-18,CLSK,Crypto,0.3007894736842105,0.3252631578947368
2025-09-17,CLSK,Crypto,0.22171052631578947,0.515921052631579
2025-09-16,CLSK,Crypto,0.17868421052631578,0.5389473684210526
2025-09-15,CLSK,Crypto,0.11960526315789473,0.6142105263157894
2025-09-12,CLSK,Crypto,0.15802631578947368,0.6015789473684211
2025-09-11,CLSK,Crypto,0.15236842105263157,0.5897368421052631
2025-09-10,CLSK,Crypto,0.15302631578947365,0.6038157894736842
2025-09-09,CLSK,Crypto,0.12723684210526315,0.59
2025-09-08,CLSK,Crypto,0.1293421052631579,0.6017105263157895
2025-09-05,CLSK,Crypto,0.13184210526315787,0.4975
2025-10-03,COIN,Crypto,0.35263157894736835,0.620657894736842
2025-10-02,COIN,Crypto,0.3710526315789473,0.6044736842105263
2025-10-01,COIN,Crypto,0.3359210526315789,0.6868421052631579
2025-09-30,COIN,Crypto,0.3313157894736842,0.6784210526315789
2025-09-29,COIN,Crypto,0.3398684210526316,0.6669736842105263
2025-09-26,COIN,Crypto,0.32631578947368417,0.3438157894736842
2025-09-25,COIN,Crypto,0.3464473684210526,0.3436184210526315
2025-09-24,COIN,Crypto,0.3405263157894736,0.6851315789473684
2025-09-23,COIN,Crypto,0.32342105263157894,0.684342105263158
2025-09-22,COIN,Crypto,0.31657894736842107,0.6927631578947369
2025-09-19,COIN,Crypto,0.3651315789473684,0.6755263157894736
2025-09-18,COIN,Crypto,0.4928947368421052,0.6536842105263158
2025-09-17,COIN,Crypto,0.5330263157894737,0.709078947368421
2025-09-16,COIN,Crypto,0.5227631578947368,0.6924999999999999
2025-09-15,COIN,Crypto,0.585,0.6952631578947368
2025-09-12,COIN,Crypto,0.5967105263157895,0.6861842105263158
2025-09-11,COIN,Crypto,0.6097368421052631,0.6813157894736841
2025-09-10,COIN,Crypto,0.6399999999999999,0.624078947368421
2025-09-09,COIN,Crypto,0.6592105263157895,0.6161842105263158
2025-09-08,COIN,Crypto,0.6606578947368422,0.6
2025-09-05,COIN,Crypto,0.6472368421052631,0.6090789473684209
2025-10-03,CRM,Software,0.32986842105263153,0.34875
2025-10-02,CRM,Software,0.3128947368421052,0.32421052631578945
2025-10-01,CRM,Software,0.32749999999999996,0.26664473684210527
2025-09-30,CRM,Software,0.34736842105263155,0.25664473684210526
2025-09-29,CRM,Software,0.3657894736842105,0.5256578947368421
2025-09-26,CRM,Software,0.3581578947368421,0.26914473684210527
2025-09-25,CRM,Software,0.34486842105263155,0.26598684210526313
2025-09-24,CRM,Software,0.3382894736842105,0.5039473684210527
2025-09-23,CRM,Software,0.3282894736842106,0.47013157894736846
2025-09-22,CRM,Software,0.38144736842105265,0.48052631578947375
2025-09-19,CRM,Software,0.3694736842105263,0.4803947368421053
2025-09-18,CRM,Software,0.35907894736842105,0.4653947368421053
2025-09-17,CRM,Software,0.3556578947368421,0.46184210526315794
2025-09-16,CRM,Software,0.3717105263157895,0.4665789473684211
2025-09-15,CRM,Software,0.43763157894736837,0.4727631578947369
2025-09-12,CRM,Software,0.43644736842105264,0.44999999999999996
2025-09-11,CRM,Software,0.45749999999999996,0.4380263157894737
2025-09-10,CRM,Software,0.4364473684210526,0.4328947368421053
2025-09-09,CRM,Software,0.4813157894736842,0.4144736842105263
2025-09-08,CRM,Software,0.531578947368421,0.38368421052631585
2025-09-05,CRM,Software,0.46749999999999997,0.3811842105263158
2025-10-03,CRWD,Cybersecurity,0.21223684210526314,0.36105263157894735
2025-10-02,CRWD,Cybersecurity,0.21473684210526314,0.361578947368421
2025-10-01,CRWD,Cybersecurity,0.2175,0.36421052631578943
2025-09-30,CRWD,Cybersecurity,0.22736842105263158,0.3593421052631579
2025-09-29,CRWD,Cybersecurity,0.22,0.37355263157894736
2025-09-26,CRWD,Cybersecurity,0.22894736842105265,0.3486842105263158
2025-09-25,CRWD,Cybersecurity,0.26973684210526316,0.32894736842105265
2025-09-24,CRWD,Cybersecurity,0.2798684210526316,0.32460526315789473
2025-09-23,CRWD,Cybersecurity,0.2892105263157895,0.32973684210526316
2025-09-22,CRWD,Cybersecurity,0.2868421052631579,0.33144736842105266
2025-09-19,CRWD,Cybersecurity,0.2976315789473684,0.3517105263157895
2025-09-18,CRWD,Cybersecurity,0.3522368421052632,0.35289473684210526
2025-09-17,CRWD,Cybersecurity,0.2443421052631579,0.5614473684210526
2025-09-16,CRWD,Cybersecurity,0.23776315789473684,0.5843421052631579
2025-09-15,CRWD,Cybersecurity,0.21947368421052632,0.5630263157894737
2025-09-12,CRWD,Cybersecurity,0.20855263157894732,0.5653947368421053
2025-09-11,CRWD,Cybersecurity,0.2113157894736842,0.5426315789473684
2025-09-10,CRWD,Cybersecurity,0.2086842105263158,0.549078947368421
2025-09-09,CRWD,Cybersecurity,0.2164473684210526,0.5097368421052632
2025-09-08,CRWD,Cybersecurity,0.22973684210526316,0.4738157894736842
2025-09-05,CRWD,Cybersecurity,0.23684210526315788,0.48118421052631577
2025-10-03,CRWV,AI,0.7122368421052631,0.2093421052631579
2025-10-02,CRWV,AI,0.7185526315789473,0.20710526315789474
2025-10-01,CRWV,AI,0.7211842105263156,0.42302631578947364
2025-09-30,CRWV,AI,0.7060526315789474,0.21348684210526314
2025-09-29,CRWV,AI,0.5989473684210526,0.2075657894736842
2025-09-26,CRWV,AI,0.6014473684210526,0.20236842105263156
2025-09-25,CRWV,AI,0.6086842105263157,0.21243421052631578
2025-09-24,CRWV,AI,0.6296052631578948,0.22171052631578947
2025-09-23,CRWV,AI,0.6065789473684211,0.22605263157894737
2025-09-22,CRWV,AI,0.6572368421052631,0.22315789473684208
2025-09-19,CRWV,AI,0.5848684210526316,0.24335526315789474
2025-09-18,CRWV,AI,0.5455263157894736,0.2332236842105263
2025-09-17,CRWV,AI,0.5328947368421052,0.2330263157894737
2025-09-16,CRWV,AI,0.5092105263157894,0.22375
2025-09-15,CRWV,AI,0.5882894736842106,0.21421052631578946
2025-09-12,CRWV,AI,0.5549999999999999,0.20914473684210527
2025-09-11,CRWV,AI,0.6306578947368421,0.14407894736842103
2025-09-10,CRWV,AI,0.6860526315789474,0.09138157894736842
2025-09-09,CRWV,AI,0.5997368421052632,0.08618421052631578
2025-09-08,CRWV,AI,0.5696052631578947,0.08743421052631578
2025-09-05,CRWV,AI,0.5617105263157894,0.09098684210526316
2025-10-03,CVNA,Tech,0.29960526315789476,0.5973684210526315
2025-10-02,CVNA,Tech,0.28289473684210525,0.608421052631579
2025-10-01,CVNA,Tech,0.30842105263157893,0.626842105263158
2025-09-30,CVNA,Tech,0.27960526315789475,0.6436842105263159
2025-09-29,CVNA,Tech,0.3163157894736842,0.6573684210526316
2025-09-26,CVNA,Tech,0.3157894736842105,0.7122368421052632
2025-09-25,CVNA,Tech,0.3469736842105263,0.7201315789473683
2025-09-24,CVNA,Tech,0.3630263157894737,0.7230263157894736
2025-09-23,CVNA,Tech,0.39328947368421047,0.7082894736842105
2025-09-22,CVNA,Tech,0.4613157894736842,0.7239473684210527
2025-09-19,CVNA,Tech,0.45210526315789473,0.6398684210526316
2025-09-18,CVNA,Tech,0.4269736842105263,0.6263157894736843
2025-09-17,CVNA,Tech,0.411578947368421,0.6207894736842106
2025-09-16,CVNA,Tech,0.3969736842105262,0.6221052631578947
2025-09-15,CVNA,Tech,0.41473684210526307,0.5905263157894737
2025-09-12,CVNA,Tech,0.4193421052631578,0.5915789473684211
2025-09-11,CVNA,Tech,0.4714473684210526,0.5802631578947368
2025-09-10,CVNA,Tech,0.4652631578947368,0.5907894736842105
2025-09-09,CVNA,Tech,0.4560526315789473,0.6147368421052631
2025-09-08,CVNA,Tech,0.43921052631578944,0.6035526315789473
2025-09-05,CVNA,Tech,0.4336842105263158,0.5960526315789474
2025-10-03,DELL,Tech,0.3430263157894737,0.4671052631578948
2025-10-02,DELL,Tech,0.3677631578947368,0.5210526315789473
2025-10-01,DELL,Tech,0.40657894736842104,0.5543421052631579
2025-09-30,DELL,Tech,0.3393421052631579,0.64
2025-09-29,DELL,Tech,0.30157894736842106,0.6963157894736842
2025-09-26,DELL,Tech,0.3414473684210526,0.47105263157894733
2025-09-25,DELL,Tech,0.34644736842105256,0.4886842105263158
2025-09-24,DELL,Tech,0.3536842105263158,0.49907894736842107
2025-09-23,DELL,Tech,0.3227631578947368,0.5036842105263158
2025-09-22,DELL,Tech,0.3176315789473684,0.47710526315789475
2025-09-19,DELL,Tech,0.3059210526315789,0.4746052631578947
2025-09-18,DELL,Tech,0.32539473684210524,0.4494736842105263
2025-09-17,DELL,Tech,0.32592105263157894,0.3856578947368421
2025-09-16,DELL,Tech,0.29736842105263156,0.3761842105263158
2025-09-15,DELL,Tech,0.310657894736842,0.35723684210526313
2025-09-12,DELL,Tech,0.3121052631578947,0.3427631578947369
2025-09-11,DELL,Tech,0.34105263157894733,0.35157894736842105
2025-09-10,DELL,Tech,0.3393421052631579,0.3592105263157895
2025-09-09,DELL,Tech,0.31644736842105264,0.3359210526315789
2025-09-08,DELL,Tech,0.3764473684210526,0.3402631578947368
2025-09-05,DELL,Tech,0.36855263157894735,0.34907894736842104
2025-10-03,DKNG,Gaming,0.2407894736842105,0.13480263157894737
2025-10-02,DKNG,Gaming,0.2118421052631579,0.13717105263157897
2025-10-01,DKNG,Gaming,0.21934210526315787,0.14019736842105263
2025-09-30,DKNG,Gaming,0.2525,0.1701315789473684
2025-09-29,DKNG,Gaming,0.2546052631578947,0.6948684210526316
2025-09-26,DKNG,Gaming,0.26513157894736844,0.7025
2025-09-25,DKNG,Gaming,0.24657894736842106,0.7138157894736842
2025-09-24,DKNG,Gaming,0.24960526315789475,0.6946052631578947
2025-09-23,DKNG,Gaming,0.2481578947368421,0.6778947368421052
2025-09-22,DKNG,Gaming,0.2682894736842105,0.6869736842105263
2025-09-19,DKNG,Gaming,0.23710526315789474,0.6601315789473684
2025-09-18,DKNG,Gaming,0.21289473684210528,0.6476315789473683
2025-09-17,DKNG,Gaming,0.22144736842105264,0.6452631578947369
2025-09-16,DKNG,Gaming,0.2636842105263158,0.6642105263157895
2025-09-15,DKNG,Gaming,0.2955263157894736,0.6468421052631579
2025-09-12,DKNG,Gaming,0.34921052631578947,0.5992105263157894
2025-09-11,DKNG,Gaming,0.4188157894736842,0.6363157894736842
2025-09-10,DKNG,Gaming,0.4403947368421053,0.6357894736842105
2025-09-09,DKNG,Gaming,0.42657894736842106,0.6552631578947368
2025-09-08,DKNG,Gaming,0.47368421052631576,0.6418421052631579
2025-09-05,DKNG,Gaming,0.4992105263157895,0.546578947368421
2025-10-03,GEV,Clean,0.22999999999999998,0.7363157894736841
2025-10-02,GEV,Clean,0.2646052631578947,0.6671052631578948
2025-10-01,GEV,Clean,0.2697368421052631,0.6443421052631579
2025-09-30,GEV,Clean,0.29789473684210527,0.6372368421052632
2025-09-29,GEV,Clean,0.3289473684210526,0.5865789473684211
2025-09-26,GEV,Clean,0.3778947368421052,0.5843421052631579
2025-09-25,GEV,Clean,0.3630263157894737,0.5827631578947368
2025-09-24,GEV,Clean,0.3498684210526316,0.5810526315789474
2025-09-23,GEV,Clean,0.36065789473684207,0.533157894736842
2025-09-22,GEV,Clean,0.4482894736842105,0.5284210526315789
2025-09-19,GEV,Clean,0.4482894736842105,0.5452631578947369
2025-09-18,GEV,Clean,0.45026315789473675,0.5327631578947368
2025-09-17,GEV,Clean,0.4793421052631579,0.49578947368421056
2025-09-16,GEV,Clean,0.5471052631578947,0.49302631578947365
2025-09-15,GEV,Clean,0.5239473684210526,0.49144736842105263
2025-09-12,GEV,Clean,0.5551315789473684,0.48921052631578943
2025-09-11,GEV,Clean,0.5756578947368419,0.4909210526315789
2025-09-10,GEV,Clean,0.5967105263157895,0.45052631578947366
2025-09-09,GEV,Clean,0.570657894736842,0.493421052631579
2025-09-08,GEV,Clean,0.5869736842105262,0.4642105263157894
2025-09-05,GEV,Clean,0.5942105263157893,0.4786842105263158
2025-10-03,GME,Gaming,0.5726315789473684,0.2503947368421053
2025-10-02,GME,Gaming,0.5373684210526315,0.3194736842105263
2025-10-01,GME,Gaming,0.5526315789473684,0.3340789473684211
2025-09-30,GME,Gaming,0.5560526315789474,0.30486842105263157
2025-09-29,GME,Gaming,0.5384210526315789,0.2727631578947368
2025-09-26,GME,Gaming,0.5252631578947368,0.2905263157894737
2025-09-25,GME,Gaming,0.5217105263157895,0.30986842105263157
2025-09-24,GME,Gaming,0.5161842105263157,0.33999999999999997
2025-09-23,GME,Gaming,0.5163157894736842,0.3509210526315789
2025-09-22,GME,Gaming,0.4967105263157895,0.3381578947368421
2025-09-19,GME,Gaming,0.49144736842105263,0.38513157894736844
2025-09-18,GME,Gaming,0.5048684210526315,0.38052631578947366
2025-09-17,GME,Gaming,0.48236842105263156,0.37736842105263163
2025-09-16,GME,Gaming,0.4643421052631579,0.42894736842105263
2025-09-15,GME,Gaming,0.48513157894736847,0.5153947368421052
2025-09-12,GME,Gaming,0.4809210526315789,0.5653947368421053
2025-09-11,GME,Gaming,0.450921052631579,0.39881578947368423
2025-09-10,GME,Gaming,0.48,0.40868421052631576
2025-09-09,GME,Gaming,0.36947368421052634,0.43940789473684205
2025-09-08,GME,Gaming,0.06947368421052631,0.43388157894736834
2025-09-05,GME,Gaming,0.05500000000000001,0.4370394736842105
2025-10-03,GOOGL,Mag 7,0.6717105263157895,0.5839473684210527
2025-10-02,GOOGL,Mag 7,0.6911842105263158,0.5871052631578948
2025-10-01,GOOGL,Mag 7,0.7128947368421052,0.54
2025-09-30,GOOGL,Mag 7,0.7223684210526315,0.26815789473684215
2025-09-29,GOOGL,Mag 7,0.7369736842105262,0.22184210526315792
2025-09-26,GOOGL,Mag 7,0.7535526315789474,0.24394736842105263
2025-09-25,GOOGL,Mag 7,0.7625,0.24657894736842106
2025-09-24,GOOGL,Mag 7,0.756578947368421,0.2276315789473684
2025-09-23,GOOGL,Mag 7,0.7553947368421052,0.2310526315789474
2025-09-22,GOOGL,Mag 7,0.7903947368421052,0.20500000000000002
2025-09-19,GOOGL,Mag 7,0.7873684210526315,0.18342105263157896
2025-09-18,GOOGL,Mag 7,0.7931578947368421,0.18289473684210528
2025-09-17,GOOGL,Mag 7,0.7984210526315789,0.16197368421052633
2025-09-16,GOOGL,Mag 7,0.7985526315789473,0.1643421052631579
2025-09-15,GOOGL,Mag 7,0.7943421052631578,0.17328947368421052
2025-09-12,GOOGL,Mag 7,0.7613157894736842,0.20473684210526313
2025-09-11,GOOGL,Mag 7,0.751578947368421,0.2003947368421053
2025-09-10,GOOGL,Mag 7,0.7373684210526316,0.2113157894736842
2025-09-09,GOOGL,Mag 7,0.7569736842105262,0.21539473684210525
2025-09-08,GOOGL,Mag 7,0.7361842105263157,0.22973684210526316
2025-09-05,GOOGL,Mag 7,0.7493421052631579,0.25315789473684214
2025-10-03,HIMS,Healthcare,0.3877631578947368,0.4223684210526316
2025-10-02,HIMS,Healthcare,0.4217105263157895,0.4703947368421053
2025-10-01,HIMS,Healthcare,0.43473684210526314,0.40328947368421053
2025-09-30,HIMS,Healthcare,0.4881578947368421,0.3571052631578947
2025-09-29,HIMS,Healthcare,0.47855263157894734,0.39092105263157895
2025-09-26,HIMS,Healthcare,0.4818421052631579,0.37447368421052635
2025-09-25,HIMS,Healthcare,0.43605263157894736,0.4125
2025-09-24,HIMS,Healthcare,0.384078947368421,0.4189473684210526
2025-09-23,HIMS,Healthcare,0.4184210526315789,0.4131578947368421
2025-09-22,HIMS,Healthcare,0.47407894736842104,0.4138157894736842
2025-09-19,HIMS,Healthcare,0.48973684210526314,0.5536842105263158
2025-09-18,HIMS,Healthcare,0.45894736842105266,0.5580263157894736
2025-09-17,HIMS,Healthcare,0.4602631578947369,0.27657894736842104
2025-09-16,HIMS,Healthcare,0.34736842105263155,0.2660526315789474
2025-09-15,HIMS,Healthcare,0.4102631578947368,0.5651315789473684
2025-09-12,HIMS,Healthcare,0.42697368421052634,0.5703947368421052
2025-09-11,HIMS,Healthcare,0.41592105263157897,0.3029605263157895
2025-09-10,HIMS,Healthcare,0.4117105263157894,0.3035526315789474
2025-09-09,HIMS,Healthcare,0.42921052631578954,0.3034868421052631
2025-09-08,HIMS,Healthcare,0.4305263157894737,0.29664473684210524
2025-09-05,HIMS,Healthcare,0.4314473684210526,0.5865789473684211
2025-10-03,HOOD,Fintech,0.6407894736842106,0.2652631578947368
2025-10-02,HOOD,Fintech,0.6523684210526315,0.21355263157894738
2025-10-01,HOOD,Fintech,0.6444736842105263,0.24236842105263157
2025-09-30,HOOD,Fintech,0.6280263157894737,0.2543421052631579
2025-09-29,HOOD,Fintech,0.6119736842105262,0.2632894736842105
2025-09-26,HOOD,Fintech,0.5705263157894737,0.42039473684210515
2025-09-25,HOOD,Fintech,0.6007894736842105,0.43184210526315786
2025-09-24,HOOD,Fintech,0.5847368421052632,0.3840789473684211
2025-09-23,HOOD,Fintech,0.6082894736842106,0.3960526315789474
2025-09-22,HOOD,Fintech,0.6056578947368421,0.38526315789473686
2025-09-19,HOOD,Fintech,0.5955263157894737,0.37407894736842107
2025-09-18,HOOD,Fintech,0.5061842105263158,0.36539473684210527
2025-09-17,HOOD,Fintech,0.5075,0.3384210526315789
2025-09-16,HOOD,Fintech,0.49263157894736836,0.3123684210526316
2025-09-15,HOOD,Fintech,0.5076315789473684,0.31026315789473685
2025-09-12,HOOD,Fintech,0.5240789473684211,0.3223684210526316
2025-09-11,HOOD,Fintech,0.5386842105263158,0.3171052631578948
2025-09-10,HOOD,Fintech,0.5432894736842105,0.30486842105263157
2025-09-09,HOOD,Fintech,0.5449999999999999,0.34460526315789475
2025-09-08,HOOD,Fintech,0.5289473684210526,0.3232894736842105
2025-09-05,HOOD,Fintech,0.46473684210526317,0.46065789473684204
2025-10-03,INTC,Semis,0.8113157894736842,0.10223684210526315
2025-10-02,INTC,Semis,0.8411842105263158,0.11210526315789474
2025-10-01,INTC,Semis,0.814078947368421,0.12105263157894736
2025-09-30,INTC,Semis,0.8163157894736842,0.12289473684210525
2025-09-29,INTC,Semis,0.8053947368421052,0.13828947368421052
2025-09-26,INTC,Semis,0.838421052631579,0.1588157894736842
2025-09-25,INTC,Semis,0.7603947368421052,0.19736842105263158
2025-09-24,INTC,Semis,0.6756578947368421,0.2256578947368421
2025-09-23,INTC,Semis,0.628421052631579,0.23210526315789473
2025-09-22,INTC,Semis,0.6390789473684211,0.22776315789473686
2025-09-19,INTC,Semis,0.6623684210526316,0.22092105263157896
2025-09-18,INTC,Semis,0.7171052631578947,0.20105263157894737
2025-09-17,INTC,Semis,0.6044736842105263,0.595657894736842
2025-09-16,INTC,Semis,0.6732894736842105,0.4609210526315789
2025-09-15,INTC,Semis,0.6421052631578947,0.39697368421052637
2025-09-12,INTC,Semis,0.671578947368421,0.3923684210526316
2025-09-11,INTC,Semis,0.74,0.2756578947368421
2025-09-10,INTC,Semis,0.7536842105263157,0.2723684210526316
2025-09-09,INTC,Semis,0.7307894736842105,0.22118421052631576
2025-09-08,INTC,Semis,0.77,0.1968421052631579
2025-09-05,INTC,Semis,0.7444736842105263,0.18039473684210527
2025-10-03,IONQ,Quantum,0.8007894736842105,0.08763157894736842
2025-10-02,IONQ,Quantum,0.780657894736842,0.07105263157894737
2025-10-01,IONQ,Quantum,0.7580263157894735,0.075
2025-09-30,IONQ,Quantum,0.7007894736842105,0.07578947368421052
2025-09-29,IONQ,Quantum,0.7185526315789473,0.10381578947368421
2025-09-26,IONQ,Quantum,0.7210526315789473,0.1282894736842105
2025-09-25,IONQ,Quantum,0.7211842105263158,0.13855263157894734
2025-09-24,IONQ,Quantum,0.7352631578947368,0.17736842105263156
2025-09-23,IONQ,Quantum,0.7313157894736841,0.19197368421052632
2025-09-22,IONQ,Quantum,0.7031578947368421,0.1848684210526316
2025-09-19,IONQ,Quantum,0.6867105263157894,0.17815789473684207
2025-09-18,IONQ,Quantum,0.6431578947368422,0.16249999999999998
2025-09-17,IONQ,Quantum,0.5634210526315789,0.1651315789473684
2025-09-16,IONQ,Quantum,0.5119736842105262,0.1610526315789474
2025-09-15,IONQ,Quantum,0.4918421052631578,0.1975
2025-09-12,IONQ,Quantum,0.4436842105263158,0.2539473684210526
2025-09-11,IONQ,Quantum,0.274078947368421,0.4335526315789474
2025-09-10,IONQ,Quantum,0.25197368421052635,0.4878947368421052
2025-09-09,IONQ,Quantum,0.2748684210526316,0.4736842105263158
2025-09-08,IONQ,Quantum,0.2784210526315789,0.4156578947368421
2025-09-05,IONQ,Quantum,0.24671052631578944,0.42947368421052634
2025-10-03,JOBY,EV,0.660921052631579,0.5739473684210527
2025-10-02,JOBY,EV,0.6575,0.5888157894736842
2025-10-01,JOBY,EV,0.6667105263157894,0.6151315789473685
2025-09-30,JOBY,EV,0.6963157894736842,0.6017105263157894
2025-09-29,JOBY,EV,0.6963157894736841,0.5681578947368421
2025-09-26,JOBY,EV,0.7407894736842104,0.5755263157894738
2025-09-25,JOBY,EV,0.7223684210526317,0.5638157894736842
2025-09-24,JOBY,EV,0.7268421052631578,0.5348684210526315
2025-09-23,JOBY,EV,0.7877631578947368,0.5530263157894736
2025-09-22,JOBY,EV,0.7209210526315789,0.5546052631578948
2025-09-19,JOBY,EV,0.7688157894736842,0.5789473684210527
2025-09-18,JOBY,EV,0.7455263157894737,0.6553947368421053
2025-09-17,JOBY,EV,0.7327631578947368,0.626578947368421
2025-09-16,JOBY,EV,0.7823684210526316,0.5752631578947369
2025-09-15,JOBY,EV,0.7421052631578947,0.5303947368421053
2025-09-12,JOBY,EV,0.7144736842105264,0.4655263157894737
2025-09-11,JOBY,EV,0.6292105263157894,0.46631578947368424
2025-09-10,JOBY,EV,0.621578947368421,0.47171052631578947
2025-09-09,JOBY,EV,0.6585526315789474,0.4630263157894737
2025-09-08,JOBY,EV,0.6632894736842105,0.45499999999999996
2025-09-05,JOBY,EV,0.7164473684210526,0.4476315789473684
2025-10-03,LCID,EV,0.12986842105263158,0.6281578947368421
2025-10-02,LCID,EV,0.15039473684210525,0.6152631578947368
2025-10-01,LCID,EV,0.1643421052631579,0.5957894736842104
2025-09-30,LCID,EV,0.20736842105263156,0.5457894736842105
2025-09-29,LCID,EV,0.22315789473684208,0.4789473684210526
2025-09-26,LCID,EV,0.259078947368421,0.4523684210526316
2025-09-25,LCID,EV,0.2619736842105263,0.46368421052631575
2025-09-24,LCID,EV,0.24921052631578944,0.45894736842105266
2025-09-23,LCID,EV,0.23105263157894734,0.45013157894736844
2025-09-22,LCID,EV,0.2226315789473684,0.45342105263157895
2025-09-19,LCID,EV,0.23618421052631577,0.44934210526315793
2025-09-18,LCID,EV,0.24105263157894738,0.4218421052631579
2025-09-17,LCID,EV,0.25131578947368427,0.39210526315789473
2025-09-16,LCID,EV,0.2331578947368421,0.41184210526315784
2025-09-15,LCID,EV,0.23855263157894738,0.39065789473684204
2025-09-12,LCID,EV,0.2505263157894737,0.1944736842105263
2025-09-11,LCID,EV,0.2507894736842105,0.37394736842105264
2025-09-10,LCID,EV,0.24644736842105264,0.1825
2025-09-09,LCID,EV,0.26644736842105265,0.17578947368421052
2025-09-08,LCID,EV,0.2575,0.17578947368421052
2025-09-05,LCID,EV,0.2606578947368421,0.17848684210526317
2025-10-03,LLY,Healthcare,0.5122368421052632,0.6572368421052631
2025-10-02,LLY,Healthcare,0.5109210526315789,0.6617105263157894
2025-10-01,LLY,Healthcare,0.5310526315789473,0.6823684210526315
2025-09-30,LLY,Healthcare,0.4834210526315789,0.8363157894736842
2025-09-29,LLY,Healthcare,0.42539473684210527,0.8636842105263156
2025-09-26,LLY,Healthcare,0.44842105263157894,0.8659210526315788
2025-09-25,LLY,Healthcare,0.42605263157894735,0.8665789473684211
2025-09-24,LLY,Healthcare,0.4286842105263158,0.8640789473684211
2025-09-23,LLY,Healthcare,0.4531578947368421,0.8164473684210525
2025-09-22,LLY,Healthcare,0.47171052631578947,0.7986842105263157
2025-09-19,LLY,Healthcare,0.44092105263157894,0.8060526315789474
2025-09-18,LLY,Healthcare,0.51,0.8043421052631579
2025-09-17,LLY,Healthcare,0.5138157894736842,0.7707894736842105
2025-09-16,LLY,Healthcare,0.5555263157894736,0.7994736842105263
2025-09-15,LLY,Healthcare,0.5248684210526315,0.8027631578947368
2025-09-12,LLY,Healthcare,0.5569736842105263,0.7821052631578949
2025-09-11,LLY,Healthcare,0.5636842105263158,0.705
2025-09-10,LLY,Healthcare,0.5386842105263158,0.6855263157894735
2025-09-09,LLY,Healthcare,0.5398684210526317,0.6640789473684211
2025-09-08,LLY,Healthcare,0.5835526315789474,0.6367105263157895
2025-09-05,LLY,Healthcare,0.5776315789473683,0.5948684210526316
2025-10-03,MARA,Crypto,0.5530263157894736,0.31092105263157893
2025-10-02,MARA,Crypto,0.5627631578947367,0.31434210526315787
2025-10-01,MARA,Crypto,0.5342105263157895,0.31013157894736837
2025-09-30,MARA,Crypto,0.5527631578947368,0.3663157894736842
2025-09-29,MARA,Crypto,0.5523684210526316,0.34855263157894734
2025-09-26,MARA,Crypto,0.4730263157894737,0.46289473684210525
2025-09-25,MARA,Crypto,0.4961842105263158,0.4697368421052632
2025-09-24,MARA,Crypto,0.5621052631578947,0.5428947368421053
2025-09-23,MARA,Crypto,0.5814473684210526,0.5593421052631579
2025-09-22,MARA,Crypto,0.5811842105263159,0.5310526315789473
2025-09-19,MARA,Crypto,0.5436842105263158,0.5307894736842105
2025-09-18,MARA,Crypto,0.6119736842105262,0.48973684210526314
2025-09-17,MARA,Crypto,0.565,0.546578947368421
2025-09-16,MARA,Crypto,0.5896052631578947,0.5336842105263158
2025-09-15,MARA,Crypto,0.5059210526315789,0.6107894736842105
2025-09-12,MARA,Crypto,0.5527631578947368,0.6055263157894737
2025-09-11,MARA,Crypto,0.5044736842105263,0.5946052631578947
2025-09-10,MARA,Crypto,0.5368421052631578,0.5878947368421052
2025-09-09,MARA,Crypto,0.5555263157894736,0.5938157894736842
2025-09-08,MARA,Crypto,0.5130263157894737,0.5946052631578947
2025-09-05,MARA,Crypto,0.4565789473684211,0.5938157894736842
2025-10-03,META,Mag 7,0.11605263157894737,0.7738157894736842
2025-10-02,META,Mag 7,0.11447368421052631,0.790921052631579
2025-10-01,META,Mag 7,0.11302631578947368,0.7888157894736842
2025-09-30,META,Mag 7,0.12092105263157893,0.9214473684210526
2025-09-29,META,Mag 7,0.12671052631578947,0.9077631578947368
2025-09-26,META,Mag 7,0.13592105263157894,0.8992105263157896
2025-09-25,META,Mag 7,0.13171052631578947,0.8944736842105264
2025-09-24,META,Mag 7,0.12710526315789472,0.8900000000000001
2025-09-23,META,Mag 7,0.12539473684210525,0.8977631578947369
2025-09-22,META,Mag 7,0.16578947368421051,0.8968421052631579
2025-09-19,META,Mag 7,0.18184210526315786,0.8951315789473684
2025-09-18,META,Mag 7,0.21657894736842104,0.8903947368421052
2025-09-17,META,Mag 7,0.22276315789473683,0.8869736842105262
2025-09-16,META,Mag 7,0.26197368421052625,0.898421052631579
2025-09-15,META,Mag 7,0.2219736842105263,0.8772368421052632
2025-09-12,META,Mag 7,0.21999999999999997,0.8630263157894738
2025-09-11,META,Mag 7,0.24000000000000002,0.8480263157894736
2025-09-10,META,Mag 7,0.22026315789473683,0.8299999999999998
2025-09-09,META,Mag 7,0.251578947368421,0.7778947368421052
2025-09-08,META,Mag 7,0.23289473684210527,0.7892105263157895
2025-09-05,META,Mag 7,0.2521052631578948,0.7967105263157894
2025-10-03,MRVL,Semis,0.7228947368421053,0.5747368421052632
2025-10-02,MRVL,Semis,0.7232894736842106,0.5768421052631578
2025-10-01,MRVL,Semis,0.7281578947368421,0.5814473684210526
2025-09-30,MRVL,Semis,0.7593421052631578,0.565
2025-09-29,MRVL,Semis,0.7496052631578947,0.5680263157894736
2025-09-26,MRVL,Semis,0.8019736842105263,0.2625
2025-09-25,MRVL,Semis,0.7809210526315788,0.28710526315789475
2025-09-24,MRVL,Semis,0.7097368421052632,0.3240789473684211
2025-09-23,MRVL,Semis,0.634078947368421,0.3406578947368421
2025-09-22,MRVL,Semis,0.5994736842105264,0.3360526315789474
2025-09-19,MRVL,Semis,0.6246052631578948,0.31894736842105265
2025-09-18,MRVL,Semis,0.6006578947368422,0.29657894736842105
2025-09-17,MRVL,Semis,0.5886842105263158,0.2931578947368421
2025-09-16,MRVL,Semis,0.4764473684210526,0.2732894736842105
2025-09-15,MRVL,Semis,0.4105263157894737,0.26026315789473686
2025-09-12,MRVL,Semis,0.46263157894736845,0.22236842105263155
2025-09-11,MRVL,Semis,0.4251315789473684,0.2080263157894737
2025-09-10,MRVL,Semis,0.441578947368421,0.2181578947368421
2025-09-09,MRVL,Semis,0.4357894736842105,0.20526315789473681
2025-09-08,MRVL,Semis,0.4398684210526315,0.20447368421052634
2025-09-05,MRVL,Semis,0.40868421052631576,0.2094736842105263
2025-10-03,MSFT,Mag 7,0.35776315789473684,0.9056578947368421
2025-10-02,MSFT,Mag 7,0.32381578947368417,0.7526315789473684
2025-10-01,MSFT,Mag 7,0.40236842105263154,0.7869736842105263
2025-09-30,MSFT,Mag 7,0.36934210526315786,0.7814473684210526
2025-09-29,MSFT,Mag 7,0.3146052631578947,0.7885526315789473
2025-09-26,MSFT,Mag 7,0.33592105263157895,0.8051315789473684
2025-09-25,MSFT,Mag 7,0.2926315789473684,0.8093421052631579
2025-09-24,MSFT,Mag 7,0.3059210526315789,0.763157894736842
2025-09-23,MSFT,Mag 7,0.32210526315789473,0.7531578947368421
2025-09-22,MSFT,Mag 7,0.3168421052631579,0.7675
2025-09-19,MSFT,Mag 7,0.34460526315789475,0.7755263157894736
2025-09-18,MSFT,Mag 7,0.30486842105263157,0.7960526315789473
2025-09-17,MSFT,Mag 7,0.3564473684210526,0.7652631578947368
2025-09-16,MSFT,Mag 7,0.3901315789473684,0.7698684210526315
2025-09-15,MSFT,Mag 7,0.39447368421052625,0.7684210526315789
2025-09-12,MSFT,Mag 7,0.40671052631578947,0.7755263157894736
2025-09-11,MSFT,Mag 7,0.3813157894736843,0.831578947368421
2025-09-10,MSFT,Mag 7,0.39302631578947367,0.7732894736842105
2025-09-09,MSFT,Mag 7,0.37921052631578944,0.6967105263157894
2025-09-08,MSFT,Mag 7,0.41092105263157896,0.672763157894737
2025-09-05,MSFT,Mag 7,0.42671052631578943,0.6785526315789474
2025-10-03,MSTR,Crypto,0.17671052631578948,0.2738815789473684
2025-10-02,MSTR,Crypto,0.18960526315789472,0.2623684210526316
2025-10-01,MSTR,Crypto,0.18592105263157893,0.2663815789473684
2025-09-30,MSTR,Crypto,0.15802631578947368,0.27098684210526314
2025-09-29,MSTR,Crypto,0.15052631578947367,0.2819736842105263
2025-09-26,MSTR,Crypto,0.15842105263157893,0.29250000000000004
2025-09-25,MSTR,Crypto,0.15105263157894736,0.28828947368421054
2025-09-24,MSTR,Crypto,0.1531578947368421,0.3409210526315789
2025-09-23,MSTR,Crypto,0.1556578947368421,0.34532894736842107
2025-09-22,MSTR,Crypto,0.1531578947368421,0.6668421052631578
2025-09-19,MSTR,Crypto,0.16394736842105265,0.6186842105263158
2025-09-18,MSTR,Crypto,0.1975,0.6060526315789474
2025-09-17,MSTR,Crypto,0.16473684210526315,0.2936184210526316
2025-09-16,MSTR,Crypto,0.19236842105263155,0.26677631578947364
2025-09-15,MSTR,Crypto,0.20644736842105263,0.25302631578947365
2025-09-12,MSTR,Crypto,0.20592105263157895,0.2315131578947368
2025-09-11,MSTR,Crypto,0.21276315789473682,0.1950657894736842
2025-09-10,MSTR,Crypto,0.19302631578947368,0.17717105263157895
2025-09-09,MSTR,Crypto,0.215,0.17355263157894735
2025-09-08,MSTR,Crypto,0.2421052631578947,0.14453947368421055
2025-09-05,MSTR,Crypto,0.24605263157894736,0.27171052631578946
2025-10-03,MU,Semis,0.7289473684210527,0.21723684210526314
2025-10-02,MU,Semis,0.7301315789473685,0.2107894736842105
2025-10-01,MU,Semis,0.7151315789473685,0.19013157894736843
2025-09-30,MU,Semis,0.7027631578947368,0.22828947368421051
2025-09-29,MU,Semis,0.6898684210526316,0.19973684210526316
2025-09-26,MU,Semis,0.6825,0.19539473684210523
2025-09-25,MU,Semis,0.6611842105263158,0.19315789473684208
2025-09-24,MU,Semis,0.6742105263157895,0.2044736842105263
2025-09-23,MU,Semis,0.6977631578947369,0.21526315789473682
2025-09-22,MU,Semis,0.6380263157894736,0.1981578947368421
2025-09-19,MU,Semis,0.5405263157894737,0.19934210526315788
2025-09-18,MU,Semis,0.5969736842105262,0.2069736842105263
2025-09-17,MU,Semis,0.591578947368421,0.17671052631578948
2025-09-16,MU,Semis,0.5477631578947368,0.195
2025-09-15,MU,Semis,0.5532894736842106,0.20605263157894738
2025-09-12,MU,Semis,0.5551315789473684,0.1980263157894737
2025-09-11,MU,Semis,0.5263157894736842,0.21
2025-09-10,MU,Semis,0.42223684210526324,0.3564473684210526
2025-09-09,MU,Semis,0.39486842105263165,0.365921052631579
2025-09-08,MU,Semis,0.42973684210526314,0.39881578947368423
2025-09-05,MU,Semis,0.4296052631578947,0.40078947368421053
2025-10-03,NBIS,AI,0.8961842105263157,0.02644736842105263
2025-10-02,NBIS,AI,0.8940789473684212,0.03026315789473684
2025-10-01,NBIS,AI,0.8511842105263159,0.04144736842105262
2025-09-30,NBIS,AI,0.8594736842105264,0.045394736842105265
2025-09-29,NBIS,AI,0.8419736842105262,0.04473684210526316
2025-09-26,NBIS,AI,0.8402631578947368,0.054342105263157886
2025-09-25,NBIS,AI,0.8431578947368421,0.04842105263157894
2025-09-24,NBIS,AI,0.8447368421052632,0.05605263157894736
2025-09-23,NBIS,AI,0.7997368421052631,0.05394736842105262
2025-09-22,NBIS,AI,0.8014473684210526,0.045
2025-09-19,NBIS,AI,0.7701315789473684,0.06421052631578947
2025-09-18,NBIS,AI,0.7715789473684211,0.05197368421052631
2025-09-17,NBIS,AI,0.7793421052631577,0.0381578947368421
2025-09-16,NBIS,AI,0.7432894736842105,0.03144736842105263
2025-09-15,NBIS,AI,0.725,0.03381578947368421
2025-09-12,NBIS,AI,0.6796052631578947,0.040263157894736834
2025-09-11,NBIS,AI,0.6390789473684211,0.03697368421052631
2025-09-10,NBIS,AI,0.7131578947368421,0.03723684210526315
2025-09-09,NBIS,AI,0.7513157894736842,0.03776315789473684
2025-09-08,NBIS,AI,0.5817105263157895,0.3823684210526316
2025-09-05,NBIS,AI,0.5942105263157895,0.36065789473684207
2025-10-03,NFLX,Mag 7,0.1375,0.3965131578947369
2025-10-02,NFLX,Mag 7,0.1225,0.3921710526315789
2025-10-01,NFLX,Mag 7,0.1336842105263158,0.7763157894736842
2025-09-30,NFLX,Mag 7,0.12802631578947368,0.7994736842105263
2025-09-29,NFLX,Mag 7,0.13026315789473683,0.8230263157894736
2025-09-26,NFLX,Mag 7,0.14526315789473684,0.8128947368421052
2025-09-25,NFLX,Mag 7,0.14092105263157897,0.7963157894736842
2025-09-24,NFLX,Mag 7,0.13671052631578948,0.7942105263157895
2025-09-23,NFLX,Mag 7,0.13894736842105262,0.789342105263158
2025-09-22,NFLX,Mag 7,0.14013157894736838,0.7611842105263158
2025-09-19,NFLX,Mag 7,0.1501315789473684,0.8009210526315789
2025-09-18,NFLX,Mag 7,0.13039473684210523,0.7746052631578948
2025-09-17,NFLX,Mag 7,0.14171052631578945,0.7713157894736842
2025-09-16,NFLX,Mag 7,0.14552631578947367,0.7869736842105262
2025-09-15,NFLX,Mag 7,0.17184210526315788,0.6685526315789474
2025-09-12,NFLX,Mag 7,0.16855263157894737,0.6892105263157895
2025-09-11,NFLX,Mag 7,0.20881578947368418,0.64
2025-09-10,NFLX,Mag 7,0.21697368421052632,0.694078947368421
2025-09-09,NFLX,Mag 7,0.24710526315789472,0.7007894736842105
2025-09-08,NFLX,Mag 7,0.23986842105263156,0.6911842105263157
2025-09-05,NFLX,Mag 7,0.2525,0.6547368421052632
2025-10-03,NVDA,Mag 7,0.2732894736842105,0.5089473684210526
2025-10-02,NVDA,Mag 7,0.3293421052631579,0.4614473684210526
2025-10-01,NVDA,Mag 7,0.3328947368421053,0.4764473684210527
2025-09-30,NVDA,Mag 7,0.33513157894736845,0.5077631578947369
2025-09-29,NVDA,Mag 7,0.26526315789473687,0.5176315789473684
2025-09-26,NVDA,Mag 7,0.27921052631578946,0.4951315789473685
2025-09-25,NVDA,Mag 7,0.27539473684210525,0.49355263157894735
2025-09-24,NVDA,Mag 7,0.2523684210526316,0.4903947368421052
2025-09-23,NVDA,Mag 7,0.27618421052631575,0.5026315789473683
2025-09-22,NVDA,Mag 7,0.3173684210526315,0.49855263157894736
2025-09-19,NVDA,Mag 7,0.30907894736842106,0.49921052631578944
2025-09-18,NVDA,Mag 7,0.35052631578947374,0.47500000000000003
2025-09-17,NVDA,Mag 7,0.33973684210526317,0.47842105263157897
2025-09-16,NVDA,Mag 7,0.4092105263157894,0.4631578947368421
2025-09-15,NVDA,Mag 7,0.4006578947368421,0.45671052631578957
2025-09-12,NVDA,Mag 7,0.44184210526315787,0.45907894736842114
2025-09-11,NVDA,Mag 7,0.4168421052631579,0.45631578947368423
2025-09-10,NVDA,Mag 7,0.43394736842105264,0.4701315789473684
2025-09-09,NVDA,Mag 7,0.40486842105263154,0.5194736842105263
2025-09-08,NVDA,Mag 7,0.4193421052631579,0.5246052631578948
2025-09-05,NVDA,Mag 7,0.3989473684210526,0.5032894736842105
2025-10-03,NVO,Healthcare,0.27894736842105267,0.3620394736842105
2025-10-02,NVO,Healthcare,0.2794736842105263,0.3590131578947368
2025-10-01,NVO,Healthcare,0.28907894736842105,0.36236842105263156
2025-09-30,NVO,Healthcare,0.29039473684210526,0.3738815789473684
2025-09-29,NVO,Healthcare,0.30921052631578944,0.37605263157894736
2025-09-26,NVO,Healthcare,0.31144736842105264,0.3810526315789473
2025-09-25,NVO,Healthcare,0.31802631578947366,0.38243421052631577
2025-09-24,NVO,Healthcare,0.3331578947368421,0.38519736842105257
2025-09-23,NVO,Healthcare,0.33973684210526317,0.39361842105263156
2025-09-22,NVO,Healthcare,0.36855263157894735,0.3986184210526315
2025-09-19,NVO,Healthcare,0.38447368421052636,0.39921052631578946
2025-09-18,NVO,Healthcare,0.42381578947368426,0.3956578947368421
2025-09-17,NVO,Healthcare,0.39552631578947367,0.41026315789473683
2025-09-16,NVO,Healthcare,0.37355263157894736,0.4098026315789473
2025-09-15,NVO,Healthcare,0.35697368421052633,0.4002631578947368
2025-09-12,NVO,Healthcare,0.358421052631579,0.37552631578947365
2025-09-11,NVO,Healthcare,0.35828947368421055,0.3550657894736842
2025-09-10,NVO,Healthcare,0.3257894736842105,0.3561184210526316
2025-09-09,NVO,Healthcare,0.2986842105263158,0.3433552631578948
2025-09-08,NVO,Healthcare,0.3128947368421053,0.3366447368421053
2025-09-05,NVO,Healthcare,0.31855263157894737,0.3318421052631579
2025-10-03,NVTS,Semis,0.6473684210526316,0.4744736842105263
2025-10-02,NVTS,Semis,0.6539473684210526,0.5244736842105263
2025-10-01,NVTS,Semis,0.6135526315789473,0.5896052631578947
2025-09-30,NVTS,Semis,0.5860526315789473,0.5747368421052631
2025-09-29,NVTS,Semis,0.565657894736842,0.5549999999999999
2025-09-26,NVTS,Semis,0.5332894736842104,0.5800000000000001
2025-09-25,NVTS,Semis,0.5527631578947368,0.5861842105263158
2025-09-24,NVTS,Semis,0.5488157894736843,0.6092105263157894
2025-09-23,NVTS,Semis,0.5481578947368421,0.605921052631579
2025-09-22,NVTS,Semis,0.5836842105263158,0.6015789473684211
2025-09-19,NVTS,Semis,0.5111842105263158,0.6188157894736842
2025-09-18,NVTS,Semis,0.47618421052631577,0.6210526315789473
2025-09-17,NVTS,Semis,0.4869736842105263,0.6182894736842105
2025-09-16,NVTS,Semis,0.4080263157894737,0.3041447368421053
2025-09-15,NVTS,Semis,0.46921052631578947,0.2986184210526316
2025-09-12,NVTS,Semis,0.5163157894736842,0.27348684210526314
2025-09-11,NVTS,Semis,0.486578947368421,0.2677631578947368
2025-09-10,NVTS,Semis,0.4056578947368421,0.2578947368421053
2025-09-09,NVTS,Semis,0.4026315789473684,0.2576973684210527
2025-09-08,NVTS,Semis,0.39473684210526316,0.5143421052631579
2025-09-05,NVTS,Semis,0.3585526315789474,0.516578947368421
2025-10-03,OKLO,Nuclear,0.7594736842105263,0.03539473684210526
2025-10-02,OKLO,Nuclear,0.7680263157894737,0.027499999999999997
2025-10-01,OKLO,Nuclear,0.7588157894736842,0.027499999999999997
2025-09-30,OKLO,Nuclear,0.7510526315789474,0.02276315789473684
2025-09-29,OKLO,Nuclear,0.7907894736842106,0.036184210526315784
2025-09-26,OKLO,Nuclear,0.7835526315789474,0.03526315789473684
2025-09-25,OKLO,Nuclear,0.7813157894736842,0.04710526315789474
2025-09-24,OKLO,Nuclear,0.7996052631578948,0.06763157894736843
2025-09-23,OKLO,Nuclear,0.8078947368421053,0.09986842105263158
2025-09-22,OKLO,Nuclear,0.7522368421052631,0.07973684210526315
2025-09-19,OKLO,Nuclear,0.7126315789473685,0.11171052631578947
2025-09-18,OKLO,Nuclear,0.6393421052631579,0.2939473684210526
2025-09-17,OKLO,Nuclear,0.595921052631579,0.37092105263157893
2025-09-16,OKLO,Nuclear,0.6089473684210527,0.39302631578947367
2025-09-15,OKLO,Nuclear,0.5577631578947368,0.38671052631578945
2025-09-12,OKLO,Nuclear,0.5076315789473683,0.5411842105263158
2025-09-11,OKLO,Nuclear,0.4956578947368421,0.530921052631579
2025-09-10,OKLO,Nuclear,0.5101315789473684,0.5352631578947368
2025-09-09,OKLO,Nuclear,0.5146052631578948,0.47328947368421054
2025-09-08,OKLO,Nuclear,0.47618421052631577,0.4647368421052631
2025-09-05,OKLO,Nuclear,0.5580263157894737,0.44565789473684214
2025-10-03,ORCL,Software,0.6828947368421052,0.0975
2025-10-02,ORCL,Software,0.6831578947368422,0.0886842105263158
2025-10-01,ORCL,Software,0.7397368421052632,0.07986842105263159
2025-09-30,ORCL,Software,0.7664473684210527,0.07210526315789474
2025-09-29,ORCL,Software,0.7743421052631578,0.07539473684210526
2025-09-26,ORCL,Software,0.7890789473684211,0.08197368421052631
2025-09-25,ORCL,Software,0.8161842105263158,0.07526315789473684
2025-09-24,ORCL,Software,0.8582894736842105,0.07302631578947369
2025-09-23,ORCL,Software,0.8965789473684209,0.06078947368421053
2025-09-22,ORCL,Software,0.9084210526315788,0.056447368421052635
2025-09-19,ORCL,Software,0.8814473684210526,0.04776315789473684
2025-09-18,ORCL,Software,0.8717105263157894,0.05118421052631579
2025-09-17,ORCL,Software,0.879736842105263,0.056973684210526315
2025-09-16,ORCL,Software,0.9021052631578946,0.07473684210526317
2025-09-15,ORCL,Software,0.8644736842105263,0.08934210526315789
2025-09-12,ORCL,Software,0.851578947368421,0.12513157894736843
2025-09-11,ORCL,Software,0.9084210526315789,0.15092105263157896
2025-09-10,ORCL,Software,0.938815789473684,0.18881578947368421
2025-09-09,ORCL,Software,0.8336842105263158,0.525
2025-09-08,ORCL,Software,0.7948684210526317,0.5073684210526316
2025-09-05,ORCL,Software,0.7488157894736843,0.5268421052631579
2025-10-03,PANW,Cybersecurity,0.20315789473684212,0.8057894736842105
2025-10-02,PANW,Cybersecurity,0.21263157894736842,0.8076315789473685
2025-10-01,PANW,Cybersecurity,0.22447368421052633,0.7911842105263158
2025-09-30,PANW,Cybersecurity,0.2701315789473684,0.7909210526315789
2025-09-29,PANW,Cybersecurity,0.2417105263157895,0.7786842105263156
2025-09-26,PANW,Cybersecurity,0.2494736842105263,0.7827631578947369
2025-09-25,PANW,Cybersecurity,0.24302631578947367,0.7721052631578946
2025-09-24,PANW,Cybersecurity,0.23210526315789473,0.7660526315789473
2025-09-23,PANW,Cybersecurity,0.25144736842105264,0.7635526315789474
2025-09-22,PANW,Cybersecurity,0.2548684210526316,0.7661842105263157
2025-09-19,PANW,Cybersecurity,0.25802631578947366,0.7684210526315789
2025-09-18,PANW,Cybersecurity,0.25592105263157894,0.765
2025-09-17,PANW,Cybersecurity,0.2659210526315789,0.7557894736842106
2025-09-16,PANW,Cybersecurity,0.30697368421052634,0.7530263157894738
2025-09-15,PANW,Cybersecurity,0.3152631578947368,0.7322368421052632
2025-09-12,PANW,Cybersecurity,0.3107894736842105,0.7271052631578947
2025-09-11,PANW,Cybersecurity,0.29578947368421055,0.7036842105263157
2025-09-10,PANW,Cybersecurity,0.29552631578947364,0.7102631578947368
2025-09-09,PANW,Cybersecurity,0.3138157894736842,0.6888157894736842
2025-09-08,PANW,Cybersecurity,0.3185526315789474,0.6839473684210526
2025-09-05,PANW,Cybersecurity,0.3055263157894737,0.6617105263157894
2025-10-03,PLTR,Defense,0.2118421052631579,0.48236842105263156
2025-10-02,PLTR,Defense,0.22302631578947368,0.5793421052631579
2025-10-01,PLTR,Defense,0.19105263157894734,0.594078947368421
2025-09-30,PLTR,Defense,0.22078947368421054,0.5636842105263158
2025-09-29,PLTR,Defense,0.23197368421052633,0.5452631578947369
2025-09-26,PLTR,Defense,0.25302631578947365,0.559342105263158
2025-09-25,PLTR,Defense,0.2846052631578947,0.5886842105263158
2025-09-24,PLTR,Defense,0.27210526315789474,0.5622368421052631
2025-09-23,PLTR,Defense,0.3034210526315789,0.5611842105263158
2025-09-22,PLTR,Defense,0.2542105263157895,0.5505263157894738
2025-09-19,PLTR,Defense,0.2723684210526316,0.5599999999999999
2025-09-18,PLTR,Defense,0.2305263157894737,0.5973684210526315
2025-09-17,PLTR,Defense,0.29434210526315785,0.5969736842105262
2025-09-16,PLTR,Defense,0.35934210526315785,0.4297368421052632
2025-09-15,PLTR,Defense,0.36315789473684207,0.4
2025-09-12,PLTR,Defense,0.40697368421052627,0.3684210526315789
2025-09-11,PLTR,Defense,0.36526315789473685,0.35447368421052633
2025-09-10,PLTR,Defense,0.3701315789473684,0.32513157894736844
2025-09-09,PLTR,Defense,0.4177631578947369,0.26986842105263154
2025-09-08,PLTR,Defense,0.4168421052631579,0.27921052631578946
2025-09-05,PLTR,Defense,0.4355263157894737,0.266578947368421
2025-10-03,PONY,China,0.5432894736842105,0.1375
2025-10-02,PONY,China,0.554078947368421,0.14842105263157895
2025-10-01,PONY,China,0.5143421052631578,0.13973684210526316
2025-09-30,PONY,China,0.5060526315789473,0.16499999999999998
2025-09-29,PONY,China,0.4788157894736842,0.1493421052631579
2025-09-26,PONY,China,0.435,0.18250000000000002
2025-09-25,PONY,China,0.42907894736842106,0.2176315789473684
2025-09-24,PONY,China,0.4468421052631579,0.23368421052631577
2025-09-23,PONY,China,0.3682894736842105,0.25223684210526315
2025-09-22,PONY,China,0.27842105263157896,0.32578947368421046
2025-09-19,PONY,China,0.3869736842105263,0.35736842105263156
2025-09-18,PONY,China,0.2677631578947368,0.5351315789473685
2025-09-17,PONY,China,0.2911842105263158,0.5321052631578947
2025-09-16,PONY,China,0.26802631578947367,0.5736842105263158
2025-09-15,PONY,China,0.19828947368421052,0.5947368421052631
2025-09-12,PONY,China,0.18171052631578946,0.6198684210526316
2025-09-11,PONY,China,0.18197368421052632,0.6119736842105263
2025-09-10,PONY,China,0.18039473684210527,0.5957894736842105
2025-09-09,PONY,China,0.18710526315789472,0.5599999999999999
2025-09-08,PONY,China,0.17460526315789474,0.5878947368421052
2025-09-05,PONY,China,0.1663157894736842,0.6060526315789473
2025-10-03,PYPL,Fintech,0.2339473684210526,0.7353947368421053
2025-10-02,PYPL,Fintech,0.22986842105263156,0.3592105263157895
2025-10-01,PYPL,Fintech,0.22013157894736843,0.35855263157894735
2025-09-30,PYPL,Fintech,0.22894736842105262,0.35697368421052633
2025-09-29,PYPL,Fintech,0.23644736842105263,0.7623684210526316
2025-09-26,PYPL,Fintech,0.17460526315789474,0.7909210526315789
2025-09-25,PYPL,Fintech,0.18473684210526317,0.7972368421052631
2025-09-24,PYPL,Fintech,0.19263157894736843,0.7830263157894737
2025-09-23,PYPL,Fintech,0.1986842105263158,0.7910526315789473
2025-09-22,PYPL,Fintech,0.20249999999999999,0.7901315789473684
2025-09-19,PYPL,Fintech,0.2211842105263158,0.7442105263157894
2025-09-18,PYPL,Fintech,0.24565789473684208,0.7201315789473685
2025-09-17,PYPL,Fintech,0.27907894736842104,0.709078947368421
2025-09-16,PYPL,Fintech,0.2353947368421052,0.7435526315789474
2025-09-15,PYPL,Fintech,0.29039473684210526,0.736842105263158
2025-09-12,PYPL,Fintech,0.2589473684210526,0.37592105263157893
2025-09-11,PYPL,Fintech,0.2676315789473684,0.7352631578947368
2025-09-10,PYPL,Fintech,0.26039473684210523,0.3525657894736842
2025-09-09,PYPL,Fintech,0.2503947368421052,0.7422368421052631
2025-09-08,PYPL,Fintech,0.2860526315789474,0.7389473684210527
2025-09-05,PYPL,Fintech,0.28381578947368424,0.7374999999999999
2025-10-03,QBTS,Quantum,0.5553947368421053,0.11592105263157897
2025-10-02,QBTS,Quantum,0.5126315789473684,0.12236842105263157
2025-10-01,QBTS,Quantum,0.49,0.1506578947368421
2025-09-30,QBTS,Quantum,0.46855263157894744,0.1356578947368421
2025-09-29,QBTS,Quantum,0.476578947368421,0.14407894736842106
2025-09-26,QBTS,Quantum,0.4830263157894737,0.175
2025-09-25,QBTS,Quantum,0.4676315789473684,0.17789473684210527
2025-09-24,QBTS,Quantum,0.5010526315789473,0.20144736842105262
2025-09-23,QBTS,Quantum,0.47776315789473683,0.24368421052631578
2025-09-22,QBTS,Quantum,0.42236842105263156,0.225
2025-09-19,QBTS,Quantum,0.4307894736842105,0.28881578947368425
2025-09-18,QBTS,Quantum,0.35960526315789476,0.34171052631578946
2025-09-17,QBTS,Quantum,0.2814473684210526,0.36328947368421055
2025-09-16,QBTS,Quantum,0.20039473684210526,0.5457894736842105
2025-09-15,QBTS,Quantum,0.17802631578947367,0.5673684210526315
2025-09-12,QBTS,Quantum,0.18657894736842104,0.5332894736842105
2025-09-11,QBTS,Quantum,0.15973684210526318,0.5325
2025-09-10,QBTS,Quantum,0.1551315789473684,0.49381578947368415
2025-09-09,QBTS,Quantum,0.16236842105263158,0.22848684210526315
2025-09-08,QBTS,Quantum,0.16039473684210526,0.2193421052631579
2025-09-05,QBTS,Quantum,0.14026315789473684,0.4644736842105263
2025-10-03,QUBT,Quantum,0.6482894736842105,0.07828947368421052
2025-10-02,QUBT,Quantum,0.5077631578947368,0.09407894736842105
2025-10-01,QUBT,Quantum,0.4542105263157895,0.0886842105263158
2025-09-30,QUBT,Quantum,0.4438157894736842,0.09657894736842104
2025-09-29,QUBT,Quantum,0.4438157894736842,0.0863157894736842
2025-09-26,QUBT,Quantum,0.5026315789473684,0.1375
2025-09-25,QUBT,Quantum,0.5869736842105262,0.1536842105263158
2025-09-24,QUBT,Quantum,0.6153947368421053,0.15276315789473685
2025-09-23,QUBT,Quantum,0.5803947368421053,0.16921052631578948
2025-09-22,QUBT,Quantum,0.5494736842105263,0.1768421052631579
2025-09-19,QUBT,Quantum,0.6411842105263158,0.26249999999999996
2025-09-18,QUBT,Quantum,0.5211842105263157,0.525
2025-09-17,QUBT,Quantum,0.453421052631579,0.26921052631578946
2025-09-16,QUBT,Quantum,0.3319736842105263,0.28105263157894733
2025-09-15,QUBT,Quantum,0.2506578947368421,0.6028947368421053
2025-09-12,QUBT,Quantum,0.2426315789473684,0.591578947368421
2025-09-11,QUBT,Quantum,0.19578947368421054,0.31092105263157893
2025-09-10,QUBT,Quantum,0.25394736842105264,0.5944736842105263
2025-09-09,QUBT,Quantum,0.2598684210526316,0.6144736842105263
2025-09-08,QUBT,Quantum,0.23368421052631577,0.5928947368421053
2025-09-05,QUBT,Quantum,0.3360526315789474,0.6073684210526316
2025-10-03,RBLX,Gaming,0.3634210526315789,0.6821052631578948
2025-10-02,RBLX,Gaming,0.4160526315789474,0.7631578947368421
2025-10-01,RBLX,Gaming,0.46013157894736845,0.7413157894736842
2025-09-30,RBLX,Gaming,0.4777631578947369,0.7292105263157894
2025-09-29,RBLX,Gaming,0.5235526315789473,0.7185526315789473
2025-09-26,RBLX,Gaming,0.5088157894736842,0.7280263157894737
2025-09-25,RBLX,Gaming,0.525921052631579,0.7198684210526316
2025-09-24,RBLX,Gaming,0.5202631578947369,0.7035526315789473
2025-09-23,RBLX,Gaming,0.49421052631578943,0.7013157894736842
2025-09-22,RBLX,Gaming,0.5599999999999999,0.6252631578947369
2025-09-19,RBLX,Gaming,0.5721052631578948,0.6069736842105262
2025-09-18,RBLX,Gaming,0.6482894736842104,0.55
2025-09-17,RBLX,Gaming,0.6692105263157896,0.5155263157894737
2025-09-16,RBLX,Gaming,0.6947368421052632,0.5481578947368421
2025-09-15,RBLX,Gaming,0.6956578947368421,0.5143421052631579
2025-09-12,RBLX,Gaming,0.6997368421052631,0.42776315789473685
2025-09-11,RBLX,Gaming,0.7313157894736841,0.4282894736842105
2025-09-10,RBLX,Gaming,0.7422368421052632,0.41723684210526313
2025-09-09,RBLX,Gaming,0.7673684210526316,0.3963157894736842
2025-09-08,RBLX,Gaming,0.7560526315789474,0.37697368421052635
2025-09-05,RBLX,Gaming,0.7703947368421052,0.3755263157894737
2025-10-03,RDDT,Gaming,0.4892105263157895,0.25749999999999995
2025-10-02,RDDT,Gaming,0.44355263157894737,0.2611842105263158
2025-10-01,RDDT,Gaming,0.4626315789473684,0.2438157894736842
2025-09-30,RDDT,Gaming,0.5015789473684209,0.34105263157894733
2025-09-29,RDDT,Gaming,0.5085526315789473,0.3490789473684211
2025-09-26,RDDT,Gaming,0.47789473684210526,0.3681578947368421
2025-09-25,RDDT,Gaming,0.4956578947368422,0.30302631578947364
2025-09-24,RDDT,Gaming,0.5094736842105262,0.24223684210526317
2025-09-23,RDDT,Gaming,0.5371052631578948,0.23526315789473684
2025-09-22,RDDT,Gaming,0.5072368421052631,0.2942105263157895
2025-09-19,RDDT,Gaming,0.5434210526315788,0.2976315789473684
2025-09-18,RDDT,Gaming,0.5821052631578948,0.28500000000000003
2025-09-17,RDDT,Gaming,0.6028947368421053,0.25671052631578944
2025-09-16,RDDT,Gaming,0.6069736842105263,0.254078947368421
2025-09-15,RDDT,Gaming,0.6221052631578948,0.25171052631578944
2025-09-12,RDDT,Gaming,0.6753947368421053,0.23157894736842105
2025-09-11,RDDT,Gaming,0.7401315789473684,0.2352631578947368
2025-09-10,RDDT,Gaming,0.7586842105263158,0.23026315789473684
2025-09-09,RDDT,Gaming,0.7730263157894737,0.27236842105263154
2025-09-08,RDDT,Gaming,0.789078947368421,0.2801315789473684
2025-09-05,RDDT,Gaming,0.7799999999999999,0.3111842105263158
2025-10-03,RGTI,Quantum,0.8807894736842105,0.13657894736842105
2025-10-02,RGTI,Quantum,0.8688157894736842,0.13592105263157894
2025-10-01,RGTI,Quantum,0.8622368421052631,0.1675
2025-09-30,RGTI,Quantum,0.8506578947368421,0.17539473684210527
2025-09-29,RGTI,Quantum,0.8407894736842104,0.15236842105263157
2025-09-26,RGTI,Quantum,0.8398684210526315,0.18565789473684208
2025-09-25,RGTI,Quantum,0.8381578947368421,0.19355263157894737
2025-09-24,RGTI,Quantum,0.829078947368421,0.17671052631578946
2025-09-23,RGTI,Quantum,0.8085526315789474,0.18407894736842106
2025-09-22,RGTI,Quantum,0.7936842105263158,0.18263157894736845
2025-09-19,RGTI,Quantum,0.8039473684210526,0.2073684210526316
2025-09-18,RGTI,Quantum,0.7848684210526315,0.25013157894736837
2025-09-17,RGTI,Quantum,0.7314473684210527,0.33657894736842103
2025-09-16,RGTI,Quantum,0.6830263157894736,0.38473684210526315
2025-09-15,RGTI,Quantum,0.6746052631578947,0.4069736842105263
2025-09-12,RGTI,Quantum,0.6623684210526316,0.36973684210526314
2025-09-11,RGTI,Quantum,0.605,0.4764473684210526
2025-09-10,RGTI,Quantum,0.621842105263158,0.43026315789473685
2025-09-09,RGTI,Quantum,0.6269736842105262,0.4268421052631579
2025-09-08,RGTI,Quantum,0.5898684210526316,0.41500000000000004
2025-09-05,RGTI,Quantum,0.6572368421052631,0.4147368421052631
2025-10-03,RIOT,Crypto,0.7886842105263158,0.21578947368421053
2025-10-02,RIOT,Crypto,0.7922368421052631,0.2407894736842105
2025-10-01,RIOT,Crypto,0.8026315789473685,0.2326315789473684
2025-09-30,RIOT,Crypto,0.8281578947368421,0.2201315789473684
2025-09-29,RIOT,Crypto,0.8302631578947368,0.22539473684210526
2025-09-26,RIOT,Crypto,0.8239473684210527,0.27657894736842104
2025-09-25,RIOT,Crypto,0.8202631578947368,0.2864473684210526
2025-09-24,RIOT,Crypto,0.8018421052631579,0.3111842105263158
2025-09-23,RIOT,Crypto,0.7952631578947369,0.3613157894736842
2025-09-22,RIOT,Crypto,0.8217105263157896,0.3514473684210527
2025-09-19,RIOT,Crypto,0.8582894736842105,0.32092105263157894
2025-09-18,RIOT,Crypto,0.8797368421052632,0.2852631578947369
2025-09-17,RIOT,Crypto,0.8878947368421053,0.2501315789473684
2025-09-16,RIOT,Crypto,0.8914473684210525,0.28210526315789475
2025-09-15,RIOT,Crypto,0.874736842105263,0.2588157894736842
2025-09-12,RIOT,Crypto,0.8786842105263157,0.2111842105263158
2025-09-11,RIOT,Crypto,0.8756578947368421,0.1831578947368421
2025-09-10,RIOT,Crypto,0.8799999999999999,0.24460526315789471
2025-09-09,RIOT,Crypto,0.8744736842105263,0.2828947368421053
2025-09-08,RIOT,Crypto,0.8219736842105263,0.37184210526315786
2025-09-05,RIOT,Crypto,0.8047368421052632,0.35407894736842105
2025-10-03,RIVN,EV,0.48197368421052633,0.3092105263157895
2025-10-02,RIVN,EV,0.48276315789473684,0.2830263157894737
2025-10-01,RIVN,EV,0.5071052631578947,0.31407894736842107
2025-09-30,RIVN,EV,0.5199999999999999,0.295
2025-09-29,RIVN,EV,0.5098684210526315,0.29447368421052633
2025-09-26,RIVN,EV,0.5311842105263157,0.31592105263157894
2025-09-25,RIVN,EV,0.5081578947368421,0.3342105263157895
2025-09-24,RIVN,EV,0.49171052631578943,0.3472368421052632
2025-09-23,RIVN,EV,0.43710526315789466,0.3519736842105263
2025-09-22,RIVN,EV,0.4307894736842105,0.3581578947368421
2025-09-19,RIVN,EV,0.39736842105263154,0.2897368421052632
2025-09-18,RIVN,EV,0.4313157894736842,0.2818421052631579
2025-09-17,RIVN,EV,0.41881578947368414,0.2705263157894737
2025-09-16,RIVN,EV,0.4471052631578948,0.27263157894736845
2025-09-15,RIVN,EV,0.40657894736842104,0.29026315789473683
2025-09-12,RIVN,EV,0.41960526315789476,0.28671052631578947
2025-09-11,RIVN,EV,0.4697368421052632,0.32026315789473686
2025-09-10,RIVN,EV,0.4296052631578947,0.3203947368421053
2025-09-09,RIVN,EV,0.4585526315789474,0.30210526315789477
2025-09-08,RIVN,EV,0.4996052631578948,0.29894736842105263
2025-09-05,RIVN,EV,0.5127631578947368,0.29736842105263156
2025-10-03,RKLB,Space,0.7001315789473683,0.40578947368421053
2025-10-02,RKLB,Space,0.6521052631578947,0.40171052631578946
2025-10-01,RKLB,Space,0.6457894736842105,0.45552631578947367
2025-09-30,RKLB,Space,0.643815789473684,0.3519736842105263
2025-09-29,RKLB,Space,0.6764473684210526,0.3381578947368421
2025-09-26,RKLB,Space,0.6726315789473685,0.3405263157894737
2025-09-25,RKLB,Space,0.6663157894736842,0.3336842105263158
2025-09-24,RKLB,Space,0.6757894736842105,0.33052631578947367
2025-09-23,RKLB,Space,0.6873684210526316,0.34421052631578947
2025-09-22,RKLB,Space,0.6248684210526316,0.2934210526315789
2025-09-19,RKLB,Space,0.6546052631578948,0.24934210526315792
2025-09-18,RKLB,Space,0.6548684210526317,0.2325
2025-09-17,RKLB,Space,0.6992105263157895,0.2148684210526316
2025-09-16,RKLB,Space,0.7368421052631577,0.20500000000000002
2025-09-15,RKLB,Space,0.7871052631578948,0.23671052631578948
2025-09-12,RKLB,Space,0.790921052631579,0.23697368421052628
2025-09-11,RKLB,Space,0.7719736842105264,0.28368421052631576
2025-09-10,RKLB,Space,0.7680263157894737,0.27421052631578946
2025-09-09,RKLB,Space,0.7694736842105262,0.27592105263157896
2025-09-08,RKLB,Space,0.7851315789473685,0.245
2025-09-05,RKLB,Space,0.8103947368421052,0.24289473684210525
2025-10-03,RTX,Defense,0.40039473684210525,0.5280263157894737
2025-10-02,RTX,Defense,0.43,0.5176315789473684
2025-10-01,RTX,Defense,0.4561842105263158,0.5143421052631579
2025-09-30,RTX,Defense,0.46907894736842104,0.5173684210526316
2025-09-29,RTX,Defense,0.45578947368421047,0.5567105263157894
2025-09-26,RTX,Defense,0.4457894736842105,0.5857894736842105
2025-09-25,RTX,Defense,0.4313157894736842,0.6307894736842106
2025-09-24,RTX,Defense,0.4256578947368421,0.7150000000000001
2025-09-23,RTX,Defense,0.42657894736842106,0.6785526315789474
2025-09-22,RTX,Defense,0.46855263157894733,0.6986842105263158
2025-09-19,RTX,Defense,0.49131578947368415,0.7067105263157896
2025-09-18,RTX,Defense,0.40684210526315795,0.6928947368421052
2025-09-17,RTX,Defense,0.3678947368421053,0.6471052631578947
2025-09-16,RTX,Defense,0.37499999999999994,0.6582894736842106
2025-09-15,RTX,Defense,0.4057894736842105,0.6494736842105263
2025-09-12,RTX,Defense,0.375,0.6906578947368421
2025-09-11,RTX,Defense,0.4456578947368421,0.6923684210526316
2025-09-10,RTX,Defense,0.4361842105263158,0.7443421052631579
2025-09-09,RTX,Defense,0.488421052631579,0.7810526315789473
2025-09-08,RTX,Defense,0.4939473684210526,0.8078947368421052
2025-09-05,RTX,Defense,0.5365789473684209,0.8563157894736841
2025-10-03,SHOP,Tech,0.3576315789473684,0.6393421052631578
2025-10-02,SHOP,Tech,0.27315789473684204,0.6919736842105264
2025-10-01,SHOP,Tech,0.2764473684210526,0.6613157894736842
2025-09-30,SHOP,Tech,0.2592105263157895,0.6567105263157894
2025-09-29,SHOP,Tech,0.306578947368421,0.6396052631578947
2025-09-26,SHOP,Tech,0.23105263157894734,0.6690789473684211
2025-09-25,SHOP,Tech,0.26815789473684204,0.6727631578947368
2025-09-24,SHOP,Tech,0.2589473684210526,0.6692105263157895
2025-09-23,SHOP,Tech,0.3036842105263158,0.6673684210526315
2025-09-22,SHOP,Tech,0.3339473684210526,0.6923684210526315
2025-09-19,SHOP,Tech,0.27592105263157896,0.6942105263157895
2025-09-18,SHOP,Tech,0.25092105263157893,0.7042105263157895
2025-09-17,SHOP,Tech,0.3101315789473684,0.715921052631579
2025-09-16,SHOP,Tech,0.35157894736842105,0.6936842105263158
2025-09-15,SHOP,Tech,0.3989473684210526,0.6981578947368421
2025-09-12,SHOP,Tech,0.3890789473684211,0.6880263157894737
2025-09-11,SHOP,Tech,0.40249999999999997,0.6614473684210527
2025-09-10,SHOP,Tech,0.4025,0.6548684210526315
2025-09-09,SHOP,Tech,0.41131578947368425,0.6386842105263159
2025-09-08,SHOP,Tech,0.425,0.6253947368421052
2025-09-05,SHOP,Tech,0.44473684210526315,0.6411842105263158
2025-10-03,SMCI,Semis,0.22486842105263155,0.656578947368421
2025-10-02,SMCI,Semis,0.26368421052631574,0.6726315789473685
2025-10-01,SMCI,Semis,0.25973684210526315,0.6781578947368421
2025-09-30,SMCI,Semis,0.2551315789473684,0.7331578947368422
2025-09-29,SMCI,Semis,0.23144736842105262,0.7128947368421054
2025-09-26,SMCI,Semis,0.2259210526315789,0.6839473684210526
2025-09-25,SMCI,Semis,0.23973684210526314,0.6875
2025-09-24,SMCI,Semis,0.2209210526315789,0.6859210526315789
2025-09-23,SMCI,Semis,0.23407894736842103,0.6882894736842106
2025-09-22,SMCI,Semis,0.22618421052631577,0.6755263157894738
2025-09-19,SMCI,Semis,0.22342105263157894,0.6964473684210527
2025-09-18,SMCI,Semis,0.3055263157894737,0.6789473684210525
2025-09-17,SMCI,Semis,0.33197368421052625,0.6556578947368421
2025-09-16,SMCI,Semis,0.3117105263157895,0.6319736842105262
2025-09-15,SMCI,Semis,0.36565789473684207,0.6221052631578947
2025-09-12,SMCI,Semis,0.38394736842105265,0.6177631578947368
2025-09-11,SMCI,Semis,0.3522368421052631,0.6126315789473683
2025-09-10,SMCI,Semis,0.34565789473684205,0.6126315789473683
2025-09-09,SMCI,Semis,0.34815789473684217,0.6097368421052631
2025-09-08,SMCI,Semis,0.3732894736842105,0.6296052631578948
2025-09-05,SMCI,Semis,0.40342105263157896,0.599078947368421
2025-10-03,SMR,Nuclear,0.4871052631578947,0.4559210526315789
2025-10-02,SMR,Nuclear,0.4772368421052632,0.43565789473684213
2025-10-01,SMR,Nuclear,0.4421052631578948,0.3843421052631579
2025-09-30,SMR,Nuclear,0.4544736842105263,0.3482894736842105
2025-09-29,SMR,Nuclear,0.5284210526315789,0.3244736842105263
2025-09-26,SMR,Nuclear,0.5257894736842105,0.3076315789473684
2025-09-25,SMR,Nuclear,0.46092105263157895,0.30776315789473685
2025-09-24,SMR,Nuclear,0.4815789473684211,0.2947368421052632
2025-09-23,SMR,Nuclear,0.5,0.30118421052631583
2025-09-22,SMR,Nuclear,0.5142105263157895,0.3360526315789474
2025-09-19,SMR,Nuclear,0.5447368421052632,0.331578947368421
2025-09-18,SMR,Nuclear,0.4331578947368421,0.4330263157894737
2025-09-17,SMR,Nuclear,0.42697368421052634,0.3913157894736842
2025-09-16,SMR,Nuclear,0.44434210526315787,0.20407894736842105
2025-09-15,SMR,Nuclear,0.45394736842105265,0.42947368421052634
2025-09-12,SMR,Nuclear,0.39552631578947367,0.21552631578947368
2025-09-11,SMR,Nuclear,0.375921052631579,0.20664473684210527
2025-09-10,SMR,Nuclear,0.4028947368421053,0.42828947368421055
2025-09-09,SMR,Nuclear,0.4314473684210526,0.42907894736842106
2025-09-08,SMR,Nuclear,0.45118421052631574,0.41460526315789475
2025-09-05,SMR,Nuclear,0.5155263157894737,0.3605263157894737
2025-10-03,SNOW,Software,0.484078947368421,0.7343421052631579
2025-10-02,SNOW,Software,0.5002631578947367,0.7507894736842106
2025-10-01,SNOW,Software,0.4748684210526316,0.7840789473684211
2025-09-30,SNOW,Software,0.46723684210526306,0.7578947368421053
2025-09-29,SNOW,Software,0.47776315789473683,0.7365789473684211
2025-09-26,SNOW,Software,0.5226315789473684,0.7155263157894737
2025-09-25,SNOW,Software,0.5621052631578948,0.3173684210526316
2025-09-24,SNOW,Software,0.5571052631578948,0.2492105263157895
2025-09-23,SNOW,Software,0.565,0.2363157894736842
2025-09-22,SNOW,Software,0.605,0.23394736842105263
2025-09-19,SNOW,Software,0.6192105263157894,0.2173684210526316
2025-09-18,SNOW,Software,0.6123684210526316,0.20526315789473687
2025-09-17,SNOW,Software,0.6648684210526316,0.18657894736842107
2025-09-16,SNOW,Software,0.6731578947368422,0.16986842105263159
2025-09-15,SNOW,Software,0.6968421052631579,0.17710526315789474
2025-09-12,SNOW,Software,0.6934210526315789,0.1610526315789474
2025-09-11,SNOW,Software,0.7281578947368421,0.14
2025-09-10,SNOW,Software,0.7292105263157895,0.15671052631578947
2025-09-09,SNOW,Software,0.715921052631579,0.15592105263157896
2025-09-08,SNOW,Software,0.7639473684210527,0.175
2025-09-05,SNOW,Software,0.759078947368421,0.17671052631578948
2025-10-03,SOFI,Fintech,0.4201315789473684,0.5260526315789474
2025-10-02,SOFI,Fintech,0.4586842105263158,0.4967105263157895
2025-10-01,SOFI,Fintech,0.45684210526315794,0.47802631578947363
2025-09-30,SOFI,Fintech,0.5590789473684211,0.4719736842105264
2025-09-29,SOFI,Fintech,0.6005263157894737,0.4755263157894737
2025-09-26,SOFI,Fintech,0.6189473684210527,0.48750000000000004
2025-09-25,SOFI,Fintech,0.6186842105263157,0.46210526315789474
2025-09-24,SOFI,Fintech,0.6142105263157895,0.449078947368421
2025-09-23,SOFI,Fintech,0.6660526315789473,0.4325
2025-09-22,SOFI,Fintech,0.6867105263157895,0.4047368421052632
2025-09-19,SOFI,Fintech,0.7003947368421053,0.318421052631579
2025-09-18,SOFI,Fintech,0.7248684210526316,0.2917105263157894
2025-09-17,SOFI,Fintech,0.7339473684210526,0.2693421052631579
2025-09-16,SOFI,Fintech,0.7511842105263158,0.22276315789473686
2025-09-15,SOFI,Fintech,0.7592105263157896,0.24026315789473685
2025-09-12,SOFI,Fintech,0.7580263157894738,0.26868421052631575
2025-09-11,SOFI,Fintech,0.7567105263157896,0.2619736842105263
2025-09-10,SOFI,Fintech,0.7355263157894738,0.26447368421052636
2025-09-09,SOFI,Fintech,0.7640789473684211,0.2185526315789474
2025-09-08,SOFI,Fintech,0.7715789473684211,0.20157894736842102
2025-09-05,SOFI,Fintech,0.7880263157894738,0.20171052631578945
2025-10-03,SOUN,AI,0.8571052631578947,0.4247368421052632
2025-10-02,SOUN,AI,0.8364473684210527,0.40302631578947373
2025-10-01,SOUN,AI,0.8468421052631578,0.3973684210526316
2025-09-30,SOUN,AI,0.8623684210526315,0.385
2025-09-29,SOUN,AI,0.8693421052631578,0.36223684210526313
2025-09-26,SOUN,AI,0.8746052631578948,0.3627631578947368
2025-09-25,SOUN,AI,0.8864473684210528,0.35947368421052633
2025-09-24,SOUN,AI,0.8778947368421053,0.3931578947368421
2025-09-23,SOUN,AI,0.8857894736842106,0.4078947368421052
2025-09-22,SOUN,AI,0.845,0.42184210526315785
2025-09-19,SOUN,AI,0.8344736842105264,0.46671052631578946
2025-09-18,SOUN,AI,0.8292105263157894,0.45157894736842097
2025-09-17,SOUN,AI,0.8252631578947368,0.45499999999999996
2025-09-16,SOUN,AI,0.8068421052631579,0.41197368421052627
2025-09-15,SOUN,AI,0.7877631578947367,0.39526315789473687
2025-09-12,SOUN,AI,0.7719736842105263,0.3501315789473684
2025-09-11,SOUN,AI,0.7713157894736842,0.30828947368421056
2025-09-10,SOUN,AI,0.7671052631578947,0.2906578947368421
2025-09-09,SOUN,AI,0.7822368421052631,0.2775
2025-09-08,SOUN,AI,0.8111842105263157,0.1381578947368421
2025-09-05,SOUN,AI,0.7802631578947368,0.06302631578947368
2025-10-03,TEM,AI,0.6627631578947368,0.3505263157894737
2025-10-02,TEM,AI,0.6722368421052631,0.3463157894736842
2025-10-01,TEM,AI,0.6782894736842104,0.3294736842105263
2025-09-30,TEM,AI,0.6721052631578947,0.32421052631578945
2025-09-29,TEM,AI,0.6797368421052631,0.33157894736842114
2025-09-26,TEM,AI,0.6844736842105262,0.32605263157894737
2025-09-25,TEM,AI,0.6796052631578947,0.32052631578947366
2025-09-24,TEM,AI,0.6786842105263159,0.2986842105263158
2025-09-23,TEM,AI,0.6605263157894736,0.32078947368421046
2025-09-22,TEM,AI,0.6594736842105263,0.27671052631578946
2025-09-19,TEM,AI,0.6988157894736842,0.31342105263157893
2025-09-18,TEM,AI,0.6948684210526316,0.24763157894736842
2025-09-17,TEM,AI,0.7160526315789473,0.18736842105263157
2025-09-16,TEM,AI,0.7185526315789474,0.1606578947368421
2025-09-15,TEM,AI,0.7223684210526315,0.1344736842105263
2025-09-12,TEM,AI,0.72,0.13618421052631577
2025-09-11,TEM,AI,0.7330263157894737,0.12526315789473683
2025-09-10,TEM,AI,0.7013157894736841,0.22460526315789472
2025-09-09,TEM,AI,0.7407894736842104,0.12644736842105264
2025-09-08,TEM,AI,0.7548684210526316,0.12776315789473686
2025-09-05,TEM,AI,0.7768421052631578,0.10999999999999999
2025-10-03,TSLA,Mag 7,0.5701315789473683,0.21921052631578947
2025-10-02,TSLA,Mag 7,0.6160526315789473,0.25355263157894736
2025-10-01,TSLA,Mag 7,0.6226315789473684,0.30434210526315786
2025-09-30,TSLA,Mag 7,0.6268421052631579,0.3125
2025-09-29,TSLA,Mag 7,0.605,0.3357894736842105
2025-09-26,TSLA,Mag 7,0.5877631578947368,0.3128947368421052
2025-09-25,TSLA,Mag 7,0.5778947368421052,0.2880263157894737
2025-09-24,TSLA,Mag 7,0.5531578947368421,0.34631578947368424
2025-09-23,TSLA,Mag 7,0.5313157894736842,0.3353947368421053
2025-09-22,TSLA,Mag 7,0.5405263157894737,0.3452631578947369
2025-09-19,TSLA,Mag 7,0.5055263157894736,0.33789473684210525
2025-09-18,TSLA,Mag 7,0.49026315789473685,0.3138157894736842
2025-09-17,TSLA,Mag 7,0.4885526315789474,0.30026315789473684
2025-09-16,TSLA,Mag 7,0.5325,0.33315789473684215
2025-09-15,TSLA,Mag 7,0.5094736842105263,0.3364473684210526
2025-09-12,TSLA,Mag 7,0.45197368421052625,0.42368421052631583
2025-09-11,TSLA,Mag 7,0.38447368421052636,0.56
2025-09-10,TSLA,Mag 7,0.3510526315789474,0.6336842105263157
2025-09-09,TSLA,Mag 7,0.40802631578947374,0.6389473684210526
2025-09-08,TSLA,Mag 7,0.4061842105263158,0.6297368421052632
2025-09-05,TSLA,Mag 7,0.44960526315789484,0.6326315789473684
2025-10-03,TSM,Semis,0.4497368421052631,0.5286842105263159
2025-10-02,TSM,Semis,0.3889473684210526,0.5086842105263158
2025-10-01,TSM,Semis,0.45157894736842097,0.5192105263157895
2025-09-30,TSM,Semis,0.3886842105263158,0.5444736842105263
2025-09-29,TSM,Semis,0.34131578947368424,0.5228947368421053
2025-09-26,TSM,Semis,0.39592105263157895,0.47342105263157896
2025-09-25,TSM,Semis,0.42473684210526313,0.49802631578947376
2025-09-24,TSM,Semis,0.43065789473684213,0.5160526315789473
2025-09-23,TSM,Semis,0.38368421052631585,0.5101315789473684
2025-09-22,TSM,Semis,0.34249999999999997,0.581578947368421
2025-09-19,TSM,Semis,0.33052631578947367,0.5947368421052632
2025-09-18,TSM,Semis,0.43565789473684213,0.6076315789473683
2025-09-17,TSM,Semis,0.44223684210526315,0.5652631578947369
2025-09-16,TSM,Semis,0.4414473684210526,0.4951315789473684
2025-09-15,TSM,Semis,0.40289473684210525,0.5218421052631579
2025-09-12,TSM,Semis,0.3810526315789473,0.5423684210526316
2025-09-11,TSM,Semis,0.3593421052631579,0.46263157894736845
2025-09-10,TSM,Semis,0.37210526315789466,0.4621052631578948
2025-09-09,TSM,Semis,0.32526315789473687,0.5571052631578948
2025-09-08,TSM,Semis,0.31828947368421046,0.5678947368421053
2025-09-05,TSM,Semis,0.3181578947368421,0.5760526315789474
2025-10-03,UBER,Tech,0.40986842105263155,0.4865789473684211
2025-10-02,UBER,Tech,0.3961842105263158,0.4594736842105263
2025-10-01,UBER,Tech,0.3961842105263158,0.46486842105263154
2025-09-30,UBER,Tech,0.45105263157894737,0.4669736842105263
2025-09-29,UBER,Tech,0.5209210526315788,0.4731578947368421
2025-09-26,UBER,Tech,0.5027631578947368,0.47236842105263155
2025-09-25,UBER,Tech,0.4721052631578947,0.4867105263157895
2025-09-24,UBER,Tech,0.4226315789473684,0.47631578947368425
2025-09-23,UBER,Tech,0.43249999999999994,0.46907894736842104
2025-09-22,UBER,Tech,0.4130263157894737,0.5023684210526316
2025-09-19,UBER,Tech,0.3472368421052632,0.48565789473684207
2025-09-18,UBER,Tech,0.2925,0.5027631578947369
2025-09-17,UBER,Tech,0.29605263157894735,0.4881578947368421
2025-09-16,UBER,Tech,0.37328947368421056,0.6051315789473684
2025-09-15,UBER,Tech,0.4081578947368421,0.6019736842105263
2025-09-12,UBER,Tech,0.37960526315789467,0.6430263157894737
2025-09-11,UBER,Tech,0.35552631578947375,0.628421052631579
2025-09-10,UBER,Tech,0.3381578947368421,0.6275000000000001
2025-09-09,UBER,Tech,0.3425,0.6207894736842104
2025-09-08,UBER,Tech,0.33000000000000007,0.6225
2025-09-05,UBER,Tech,0.3209210526315789,0.5757894736842105
2025-10-03,UNH,Healthcare,0.5299999999999999,0.5709210526315789
2025-10-02,UNH,Healthcare,0.5110526315789474,0.5639473684210528
2025-10-01,UNH,Healthcare,0.4886842105263157,0.5569736842105263
2025-09-30,UNH,Healthcare,0.4880263157894737,0.5709210526315789
2025-09-29,UNH,Healthcare,0.48815789473684207,0.6025
2025-09-26,UNH,Healthcare,0.4705263157894737,0.5682894736842106
2025-09-25,UNH,Healthcare,0.4326315789473684,0.5625000000000001
2025-09-24,UNH,Healthcare,0.46368421052631575,0.5352631578947369
2025-09-23,UNH,Healthcare,0.4405263157894737,0.5114473684210525
2025-09-22,UNH,Healthcare,0.4521052631578948,0.49144736842105263
2025-09-19,UNH,Healthcare,0.42460526315789476,0.48723684210526313
2025-09-18,UNH,Healthcare,0.4427631578947368,0.4739473684210526
2025-09-17,UNH,Healthcare,0.4748684210526316,0.46342105263157896
2025-09-16,UNH,Healthcare,0.45789473684210524,0.4644736842105263
2025-09-15,UNH,Healthcare,0.4709210526315789,0.4747368421052632
2025-09-12,UNH,Healthcare,0.488421052631579,0.2561842105263158
2025-09-11,UNH,Healthcare,0.5240789473684211,0.19855263157894734
2025-09-10,UNH,Healthcare,0.46618421052631576,0.2218421052631579
2025-09-09,UNH,Healthcare,0.47828947368421054,0.18789473684210528
2025-09-08,UNH,Healthcare,0.41526315789473683,0.3057894736842105
2025-09-05,UNH,Healthcare,0.3981578947368421,0.30039473684210527
2025-10-03,UPST,Fintech,0.27039473684210524,0.22664473684210526
2025-10-02,UPST,Fintech,0.29223684210526313,0.22611842105263158
2025-10-01,UPST,Fintech,0.3076315789473684,0.22223684210526318
2025-09-30,UPST,Fintech,0.27460526315789474,0.2181578947368421
2025-09-29,UPST,Fintech,0.28078947368421053,0.22249999999999998
2025-09-26,UPST,Fintech,0.29000000000000004,0.4801315789473684
2025-09-25,UPST,Fintech,0.32092105263157894,0.22914473684210526
2025-09-24,UPST,Fintech,0.3617105263157895,0.4764473684210527
2025-09-23,UPST,Fintech,0.3794736842105263,0.5071052631578947
2025-09-22,UPST,Fintech,0.38960526315789473,0.5271052631578947
2025-09-19,UPST,Fintech,0.4235526315789474,0.4664473684210526
2025-09-18,UPST,Fintech,0.46407894736842104,0.43223684210526314
2025-09-17,UPST,Fintech,0.5396052631578947,0.4307894736842105
2025-09-16,UPST,Fintech,0.5082894736842105,0.42407894736842106
2025-09-15,UPST,Fintech,0.47815789473684206,0.42289473684210527
2025-09-12,UPST,Fintech,0.5144736842105262,0.4305263157894737
2025-09-11,UPST,Fintech,0.48907894736842106,0.4039473684210526
2025-09-10,UPST,Fintech,0.5202631578947368,0.3851315789473684
2025-09-09,UPST,Fintech,0.5660526315789474,0.45249999999999996
2025-09-08,UPST,Fintech,0.5793421052631579,0.37763157894736843
2025-09-05,UPST,Fintech,0.5892105263157894,0.39578947368421047
2025-10-03,VRT,AI,0.5051315789473685,0.2711842105263158
2025-10-02,VRT,AI,0.4736842105263158,0.2893421052631579
2025-10-01,VRT,AI,0.4301315789473684,0.31894736842105265
2025-09-30,VRT,AI,0.34842105263157896,0.4073684210526316
2025-09-29,VRT,AI,0.32144736842105265,0.4073684210526316
2025-09-26,VRT,AI,0.30736842105263157,0.3798684210526315
2025-09-25,VRT,AI,0.3127631578947368,0.37184210526315786
2025-09-24,VRT,AI,0.3203947368421053,0.3555263157894737
2025-09-23,VRT,AI,0.33421052631578946,0.3373684210526316
2025-09-22,VRT,AI,0.4067105263157894,0.3923684210526316
2025-09-19,VRT,AI,0.37407894736842107,0.47092105263157896
2025-09-18,VRT,AI,0.3828947368421052,0.46157894736842103
2025-09-17,VRT,AI,0.3878947368421053,0.4361842105263158
2025-09-16,VRT,AI,0.37434210526315786,0.41526315789473683
2025-09-15,VRT,AI,0.3881578947368421,0.41789473684210526
2025-09-12,VRT,AI,0.3701315789473684,0.4314473684210526
2025-09-11,VRT,AI,0.4406578947368421,0.4034210526315789
2025-09-10,VRT,AI,0.4922368421052632,0.37697368421052635
2025-09-09,VRT,AI,0.4428947368421053,0.3961842105263158
2025-09-08,VRT,AI,0.4680263157894736,0.40065789473684216
2025-09-05,VRT,AI,0.48105263157894734,0.4268421052631579
2025-10-03,XYZ,Fintech,0.5261842105263158,0.7494736842105263
2025-10-02,XYZ,Fintech,0.5294736842105263,0.7467105263157895
2025-10-01,XYZ,Fintech,0.5303947368421053,0.7732894736842105
2025-09-30,XYZ,Fintech,0.5319736842105263,0.7780263157894737
2025-09-29,XYZ,Fintech,0.5602631578947368,0.7693421052631579
2025-09-26,XYZ,Fintech,0.5719736842105263,0.7242105263157894
2025-09-25,XYZ,Fintech,0.5778947368421053,0.7435526315789475
2025-09-24,XYZ,Fintech,0.5910526315789473,0.7644736842105263
2025-09-23,XYZ,Fintech,0.5884210526315788,0.7728947368421052
2025-09-22,XYZ,Fintech,0.5909210526315789,0.7635526315789474
2025-09-19,XYZ,Fintech,0.569736842105263,0.6417105263157895
2025-09-18,XYZ,Fintech,0.6073684210526314,0.6125
2025-09-17,XYZ,Fintech,0.6057894736842104,0.5805263157894737
2025-09-16,XYZ,Fintech,0.6221052631578947,0.5961842105263158
2025-09-15,XYZ,Fintech,0.6339473684210526,0.5996052631578948
2025-09-12,XYZ,Fintech,0.630921052631579,0.6230263157894737
2025-09-11,XYZ,Fintech,0.6357894736842105,0.5874999999999999
2025-09-10,XYZ,Fintech,0.6326315789473684,0.5560526315789474
2025-09-09,XYZ,Fintech,0.636578947368421,0.5410526315789473
2025-09-08,XYZ,Fintech,0.6432894736842104,0.5206578947368421
2025-09-05,XYZ,Fintech,0.6565789473684209,0.4078947368421053
