ticker,group,date,adj_open,adj_close,adj_volume,adj_high,adj_low,sma5,sma10,sma20,sma50
ETHA,Crypto,2025-05-27,20.2,20.38,20517469,20.56,19.955,19.543999999999997,19.573,17.208,15.008399999999996
ETHA,Crypto,2025-05-28,20.26,19.84,14925087,20.38,19.81,19.723999999999997,19.516,17.509,15.111400000000001
ETHA,Crypto,2025-05-29,20.38,20.09,17025932,20.38,19.86,19.936,19.554,17.8375,15.225400000000002
ETHA,Crypto,2025-05-30,19.65,19.49,13720818,19.845,19.21,19.836,19.587,18.113999999999997,15.307600000000003
ETHA,Crypto,2025-06-02,18.94,19.18,13733715,19.44,18.9,19.796,19.54,18.3765,15.3926
ETHA,Crypto,2025-06-03,19.87,19.91,17168438,20.12,19.73,19.701999999999998,19.622999999999998,18.685,15.4922
ETHA,Crypto,2025-06-04,19.81,19.88,12094438,20.31,19.64,19.71,19.717,19.003999999999998,15.5732
ETHA,Crypto,2025-06-05,19.93,19.15,17324380,19.93,18.97,19.522,19.729,19.282,15.6418
ETHA,Crypto,2025-06-06,18.81,18.81,11816784,19.19,18.8,19.386000000000003,19.610999999999997,19.4195,15.715399999999999
ETHA,Crypto,2025-06-09,19.21,19.56,14496953,19.63,19.01,19.462,19.628999999999998,19.5135,15.803199999999997
ETHA,Crypto,2025-06-10,20.88,21.02,29694834,21.265,20.38,19.684,19.693,19.633000000000003,15.940399999999995
ETHA,Crypto,2025-06-11,21.31,21.31,26418379,21.81,21.1,19.97,19.84,19.678,16.090199999999992
ETHA,Crypto,2025-06-12,20.74,20.39,16594291,21.01,20.37,20.218,19.869999999999997,19.711999999999996,16.208599999999993
ETHA,Crypto,2025-06-13,19.27,19.14,18421628,19.585,18.9634,20.284,19.835,19.711,16.301999999999992
ETHA,Crypto,2025-06-16,19.77,20.16,13423394,20.24,19.755,20.404,19.932999999999996,19.7365,16.43499999999999
ETHA,Crypto,2025-06-17,19.35,19.14,17870538,19.45,18.57,20.028,19.856,19.7395,16.543799999999994
ETHA,Crypto,2025-06-18,18.72,18.88,13061594,19.22,18.68,19.541999999999998,19.756,19.7365,16.688799999999993
ETHA,Crypto,2025-06-20,19.36,18.27,21934558,19.39,17.95,19.118,19.668000000000003,19.6985,16.83279999999999
ETHA,Crypto,2025-06-23,17.03,17.52,29728129,17.61,16.57,18.793999999999997,19.539,19.574999999999996,16.934799999999992
ETHA,Crypto,2025-06-24,18.29,18.45,20253985,18.8,18.2,18.451999999999998,19.428,19.528499999999998,17.07519999999999
ETHA,Crypto,2025-06-25,18.49,18.4,12600492,18.5299,18.1,18.304000000000002,19.166,19.429499999999997,17.206199999999992
ETHA,Crypto,2025-06-26,18.47,18.46,11669743,18.625,18.255,18.22,18.881,19.360499999999995,17.327399999999994
ETHA,Crypto,2025-06-27,18.38,18.27,10283846,18.56,18.08,18.22,18.669,19.269499999999994,17.449599999999993
ETHA,Crypto,2025-06-30,18.74,19.07,16267188,19.08,18.44,18.53,18.662,19.248499999999996,17.59079999999999
ETHA,Crypto,2025-07-01,18.49,18.19,13910778,18.59,18.18,18.477999999999998,18.465,19.198999999999995,17.714999999999996
ETHA,Crypto,2025-07-02,18.54,19.75,30824038,19.77,18.49,18.748,18.526000000000003,19.190999999999995,17.871599999999997
ETHA,Crypto,2025-07-03,19.65,19.49,18692797,19.98,19.45,18.954,18.587,19.171499999999998,18.003599999999995
ETHA,Crypto,2025-07-07,19.36,19.26,12795411,19.46,19.03,19.152,18.686,19.177,18.117799999999995
ETHA,Crypto,2025-07-08,19.53,19.78,24002589,19.92,19.37,19.294,18.912,19.2255,18.245999999999995
ETHA,Crypto,2025-07-09,20.18,20.97,44514203,21.18,19.91,19.85,19.163999999999998,19.296000000000003,18.391999999999996
ETHA,Crypto,2025-07-10,21.125,21.35,40722002,21.54,20.89,20.169999999999998,19.459,19.312500000000007,18.546799999999998
ETHA,Crypto,2025-07-11,22.72,22.8,43780548,22.83,22.24,20.832,19.893,19.387000000000004,18.726399999999998
ETHA,Crypto,2025-07-14,23.085,22.75,37490320,23.27,22.59,21.53,20.341,19.505000000000003,18.910999999999998
ETHA,Crypto,2025-07-15,22.96,23.05,49299207,23.49,22.48,22.184,20.739,19.700500000000005,19.092799999999997
ETHA,Crypto,2025-07-16,24.05,25.63,71590266,25.65,23.99,23.116,21.483,19.974,19.3268
ETHA,Crypto,2025-07-17,25.94,25.88,60715394,26.21,25.4812,24.022,22.095999999999997,20.311,19.569599999999998
ETHA,Crypto,2025-07-18,27.47,26.92,67968756,27.8693,26.75,24.845999999999997,22.839,20.713,19.837999999999997
ETHA,Crypto,2025-07-21,28.7,28.32,76982961,29.255,28.1824,25.96,23.744999999999997,21.2155,20.1326
ETHA,Crypto,2025-07-22,28.005,27.81,50818975,28.4299,27.45,26.912,24.548000000000002,21.73,20.3676
ETHA,Crypto,2025-07-23,27.76,27.17,39952992,27.76,26.89,27.220000000000006,25.168,22.166,20.5574
ETHA,Crypto,2025-07-24,27.625,28.38,58682667,28.605,27.39,27.72,25.871,22.665,20.7524
ETHA,Crypto,2025-07-25,28.09,27.58,39737893,28.21,27.29,27.851999999999997,26.348999999999997,23.121000000000002,20.895799999999998
ETHA,Crypto,2025-07-28,29.11,28.79,46836198,29.32,28.42,27.945999999999998,26.953000000000003,23.647000000000002,21.077399999999997
ETHA,Crypto,2025-07-29,29.27,28.49,38467444,29.295,28.125,28.082,27.496999999999996,24.118000000000002,21.264
ETHA,Crypto,2025-07-30,28.43,28.48,35321116,29.015,27.81,28.344,27.782,24.6325,21.440599999999996
ETHA,Crypto,2025-07-31,28.78,28.27,32698329,28.91,28.23,28.322000000000003,28.020999999999997,25.058500000000002,21.624399999999994
ETHA,Crypto,2025-08-01,27.62,26.51,56248760,27.64,26.45,28.107999999999997,27.98,25.4095,21.775799999999993
ETHA,Crypto,2025-08-04,26.97,27.75,52787761,28.145,26.935,27.9,27.923000000000002,25.834000000000003,21.950199999999995
ETHA,Crypto,2025-08-05,27.53,27.02,26762401,27.69,26.89,27.606,27.844,26.196000000000005,22.090799999999994
ETHA,Crypto,2025-08-06,27.17,27.91,23610559,28.02,27.03,27.492,27.918,26.543,22.261399999999995
ETHA,Crypto,2025-08-07,29.02,29.31,47464959,29.4,28.64,27.7,28.011000000000003,26.940999999999995,22.439999999999994
ETHA,Crypto,2025-08-08,29.64,30.79,54734315,30.82,29.57,28.556,28.332,27.3405,22.658999999999995
ETHA,Crypto,2025-08-11,31.695,32.25,54921900,33.045,31.68,29.456,28.677999999999997,27.815500000000004,22.902199999999993
ETHA,Crypto,2025-08-12,33.48,34.25,65737336,34.275,32.955,30.901999999999997,29.253999999999998,28.3755,23.197399999999995
ETHA,Crypto,2025-08-13,35.69,35.9,86728643,36.02,34.95,32.5,29.996,28.889,23.531799999999993
ETHA,Crypto,2025-08-14,34.33,34.37,84664899,35.65,33.95,33.512,30.606,29.313499999999998,23.820999999999994
ETHA,Crypto,2025-08-15,34.94,33.15,72200667,35.0,33.07,33.984,31.27,29.625,24.086399999999998
ETHA,Crypto,2025-08-18,32.93,32.97,43045982,33.1899,32.32,34.128,31.791999999999994,29.857499999999998,24.362800000000004
ETHA,Crypto,2025-08-19,32.665,31.3,59107909,32.84,31.09,33.538,32.22,30.032,24.612599999999997
ETHA,Crypto,2025-08-20,31.7,32.91,61128825,33.02,31.06,32.94,32.720000000000006,30.318999999999996,24.8796
ETHA,Crypto,2025-08-21,32.33,31.94,37563573,32.76,31.84,32.45399999999999,32.983,30.496999999999996,25.098000000000003
ETHA,Crypto,2025-08-22,32.26,36.59,135662408,36.8,32.1301,33.142,33.563,30.947499999999998,25.403599999999997
ETHA,Crypto,2025-08-25,35.25,33.45,75416170,35.48,33.4135,33.238,33.683,31.180500000000006,25.6648
ETHA,Crypto,2025-08-26,33.95,34.82,57182039,34.83,33.59,33.94199999999999,33.739999999999995,31.497000000000007,25.978399999999997
ETHA,Crypto,2025-08-27,34.87,34.56,47084148,35.3,34.3,34.272000000000006,33.606,31.801,26.266399999999997
ETHA,Crypto,2025-08-28,34.81,33.57,43703617,34.9299,33.55,34.598,33.525999999999996,32.066,26.554999999999996
ETHA,Crypto,2025-08-29,33.23,32.82,57237137,33.27,32.26,33.844,33.493,32.3815,26.833799999999993
ETHA,Crypto,2025-09-02,32.56,32.3,41069203,33.2646,32.18,33.614,33.426,32.609,27.114399999999993
ETHA,Crypto,2025-09-03,33.13,33.87,45044060,34.01,33.075,33.424,33.683,32.9515,27.44139999999999
ETHA,Crypto,2025-09-04,33.29,32.3,63317486,33.32,32.22,32.972,33.622,33.171,27.71839999999999
ETHA,Crypto,2025-09-05,33.79,32.77,60204811,33.89,32.14,32.812000000000005,33.705,33.343999999999994,28.005799999999986
ETHA,Crypto,2025-09-08,32.85,32.46,34252336,33.2,32.4016,32.739999999999995,33.291999999999994,33.427499999999995,28.285799999999984
ETHA,Crypto,2025-09-09,32.85,32.475,27086050,33.02,32.33,32.775,33.1945,33.43875,28.569899999999983
ETHA,Crypto,2025-09-10,33.1,32.7,51930034,33.74,32.51,32.541,32.9825,33.36125,28.84249999999999
ETHA,Crypto,2025-09-11,33.37,33.49,34271723,33.65,33.245,32.77900000000001,32.8755,33.240750000000006,29.14849999999999
ETHA,Crypto,2025-09-12,34.22,35.36,53400010,35.38,34.105,33.297000000000004,33.054500000000004,33.29025,29.46069999999999
ETHA,Crypto,2025-09-15,34.28,34.01,45039568,34.39,33.77,33.607000000000006,33.173500000000004,33.33325000000001,29.751099999999987
ETHA,Crypto,2025-09-16,34.12,34.0,35498931,34.15,33.45,33.912,33.3435,33.384750000000004,30.04589999999999
ETHA,Crypto,2025-09-17,34.09,34.18,47517778,34.31,33.44,34.208,33.3745,33.528749999999995,30.333899999999993
ETHA,Crypto,2025-09-18,34.725,34.73,30921155,35.14,34.515,34.456,33.61750000000001,33.619749999999996,30.609099999999994
ETHA,Crypto,2025-09-19,34.26,33.57,35176084,34.4199,33.55,34.098,33.697500000000005,33.70125,30.85349999999999
ETHA,Crypto,2025-09-22,31.825,31.29,47047862,31.96,31.215,33.553999999999995,33.58050000000001,33.436249999999994,31.023299999999995
ETHA,Crypto,2025-09-23,31.76,31.41,37951379,31.88,31.26,33.035999999999994,33.474000000000004,33.33425,31.1965
ETHA,Crypto,2025-09-24,31.595,31.46,23440811,31.83,31.38,32.492000000000004,33.35,33.166250000000005,31.3647
ETHA,Crypto,2025-09-25,30.26,29.58,75464307,30.41,28.87,31.462,32.958999999999996,32.91725000000001,31.4437
ETHA,Crypto,2025-09-26,29.63,30.46,46627127,30.815,29.562,30.839999999999996,32.468999999999994,32.761750000000006,31.535300000000003
IAU,Commodity,2025-05-27,62.16,62.31,6745338,62.38,61.9507,62.486000000000004,61.577999999999996,61.975,60.43980000000001
IAU,Commodity,2025-05-28,62.35,62.17,11400826,62.405,62.02,62.496,61.666999999999994,61.95150000000001,60.55080000000001
IAU,Commodity,2025-05-29,62.56,62.54,6179611,62.8,62.3,62.486000000000004,61.924,61.970000000000006,60.6562
IAU,Commodity,2025-05-30,62.12,62.16,8115913,62.215,61.695,62.512,62.04699999999999,62.035000000000004,60.7492
IAU,Commodity,2025-06-02,63.285,63.77,8006094,63.785,63.18,62.589999999999996,62.40400000000001,62.17500000000001,60.87579999999999
IAU,Commodity,2025-06-03,63.35,63.23,7150861,63.35,62.85,62.774,62.63000000000001,62.19700000000002,61.001
IAU,Commodity,2025-06-04,63.31,63.62,5773613,63.82,63.185,63.064,62.78000000000001,62.14949999999999,61.13939999999999
IAU,Commodity,2025-06-05,63.71,63.29,16522319,63.885,62.96,63.214,62.85,62.13349999999999,61.26539999999998
IAU,Commodity,2025-06-06,63.23,62.47,6056175,63.27,62.44,63.275999999999996,62.894000000000005,62.139999999999986,61.376399999999975
IAU,Commodity,2025-06-09,62.48,62.74,4308773,62.9458,62.43,63.06999999999999,62.830000000000005,62.138499999999986,61.477599999999974
IAU,Commodity,2025-06-10,63.09,62.77,4983946,63.15,62.6,62.977999999999994,62.876,62.227,61.57039999999998
IAU,Commodity,2025-06-11,62.95,63.12,7219434,63.15,62.595,62.878,62.971000000000004,62.31899999999998,61.65359999999999
IAU,Commodity,2025-06-12,63.78,63.89,11874903,64.08,63.69,62.998000000000005,63.105999999999995,62.515,61.75419999999999
IAU,Commodity,2025-06-13,64.93,64.74,11711229,65.0,64.46,63.452,63.364,62.705499999999994,61.86999999999998
IAU,Commodity,2025-06-16,64.42,63.8,8940886,64.43,63.78,63.664,63.36699999999998,62.8855,61.973999999999975
IAU,Commodity,2025-06-17,63.98,63.82,8616505,64.045,63.46,63.874,63.426,63.028,62.105199999999975
IAU,Commodity,2025-06-18,64.02,63.48,9442466,64.0594,63.42,63.946000000000005,63.412,63.09599999999999,62.25279999999998
IAU,Commodity,2025-06-20,63.3,63.45,4568340,63.63,63.285,63.85799999999999,63.42800000000001,63.138999999999996,62.395599999999966
IAU,Commodity,2025-06-23,63.52,63.67,10781639,63.99,63.5061,63.644000000000005,63.548,63.221000000000004,62.501399999999975
IAU,Commodity,2025-06-24,62.43,62.68,9301937,62.71,62.125,63.42,63.541999999999994,63.186000000000014,62.55879999999998
IAU,Commodity,2025-06-25,62.5,62.85,4078427,62.902,62.45,63.22600000000001,63.55,63.213,62.596599999999974
IAU,Commodity,2025-06-26,62.561,62.8,4159597,62.8879,62.395,63.089999999999996,63.517999999999994,63.2445,62.64079999999999
IAU,Commodity,2025-06-27,61.4,61.65,7104323,61.889253,61.37,62.73,63.294,63.2,62.65499999999998
IAU,Commodity,2025-06-30,61.88,62.36,10439843,62.37,61.8,62.467999999999996,63.056000000000004,63.209999999999994,62.643599999999985
IAU,Commodity,2025-07-01,63.16,62.92,5328191,63.23,62.9,62.516000000000005,62.967999999999996,63.1675,62.64939999999999
IAU,Commodity,2025-07-02,63.03,63.31,9064016,63.3153,62.82,62.608000000000004,62.91700000000001,63.171499999999995,62.62379999999999
IAU,Commodity,2025-07-03,62.83,62.87,3156452,62.95,62.66,62.622,62.85600000000001,63.13399999999999,62.60799999999999
IAU,Commodity,2025-07-07,62.345,62.92,4468715,62.98,62.33,62.876,62.803,63.1155,62.623999999999995
IAU,Commodity,2025-07-08,62.71,62.26,8177771,62.72,61.9633,62.855999999999995,62.662,63.105,62.6084
IAU,Commodity,2025-07-09,62.13,62.52,4476047,62.53,62.0603,62.775999999999996,62.646,63.093999999999994,62.61200000000001
IAU,Commodity,2025-07-10,62.67,62.67,3573129,62.73,62.39,62.648,62.628,63.089,62.60080000000001
IAU,Commodity,2025-07-11,63.2,63.3,5651021,63.5001,63.14,62.734,62.678,63.09799999999999,62.61400000000001
IAU,Commodity,2025-07-14,63.26,63.05,4615271,63.325,62.9814,62.760000000000005,62.818,63.056,62.63160000000002
IAU,Commodity,2025-07-15,62.98,62.78,10493689,63.19,62.59,62.86400000000001,62.85999999999999,62.95799999999999,62.67000000000001
IAU,Commodity,2025-07-16,62.86,63.11,10322154,63.66,62.575,62.98199999999999,62.879000000000005,62.92349999999999,62.71280000000002
IAU,Commodity,2025-07-17,62.52,62.96,4897284,62.97,62.4501,63.04,62.84400000000001,62.8805,62.71620000000003
IAU,Commodity,2025-07-18,63.31,63.13,7448088,63.32,63.11,63.00600000000001,62.870000000000005,62.863,62.687400000000025
IAU,Commodity,2025-07-21,63.83,64.09,5242606,64.125,63.78,63.214,62.98700000000001,62.894999999999996,62.69700000000003
IAU,Commodity,2025-07-22,64.38,64.7,5045152,64.72,64.19,63.598,63.23100000000001,62.94649999999999,62.74420000000002
IAU,Commodity,2025-07-23,64.28,63.91,11582749,64.465,63.7401,63.757999999999996,63.36999999999999,63.008,62.76700000000002
IAU,Commodity,2025-07-24,63.3,63.53,3271263,63.6454,63.26,63.872,63.455999999999996,63.041999999999994,62.81760000000002
IAU,Commodity,2025-07-25,63.0,62.91,5506580,63.1,62.6701,63.827999999999996,63.416999999999994,63.0475,62.850200000000015
IAU,Commodity,2025-07-28,62.72,62.52,4606262,62.7488,62.23,63.513999999999996,63.36399999999999,63.09100000000001,62.90120000000002
IAU,Commodity,2025-07-29,62.6,62.69,3660122,62.84,62.425,63.112,63.355,63.1075,62.93640000000002
IAU,Commodity,2025-07-30,62.3,61.62,8431795,62.36,61.6,62.653999999999996,63.20599999999998,63.042500000000004,62.96480000000001
IAU,Commodity,2025-07-31,62.34,62.01,4852612,62.3489,61.9931,62.35,63.11099999999999,62.9775,62.98560000000002
IAU,Commodity,2025-08-01,63.16,63.29,8423866,63.36,62.9247,62.426,63.126999999999995,62.99849999999999,63.009000000000015
IAU,Commodity,2025-08-04,63.62,63.64,3891829,63.8199,63.53,62.65,63.081999999999994,63.0345,63.03000000000001
IAU,Commodity,2025-08-05,63.54,63.69,5550347,63.91,63.505,62.85,62.980999999999995,63.10600000000001,63.063200000000016
IAU,Commodity,2025-08-06,63.51,63.56,3177270,63.71,63.43,63.238,62.946000000000005,63.158,63.066800000000015
IAU,Commodity,2025-08-07,63.83,64.08,5775427,64.0951,63.59,63.652,63.00100000000001,63.22849999999998,63.1022
IAU,Commodity,2025-08-08,63.93,64.06,10126606,64.17,63.63,63.806,63.11600000000001,63.266499999999986,63.14
IAU,Commodity,2025-08-11,63.18,63.17,7022240,63.385,62.98,63.712,63.181,63.272499999999994,63.15259999999999
IAU,Commodity,2025-08-12,63.1,63.1,5397134,63.31,62.7816,63.59400000000001,63.222,63.288499999999985,63.171399999999984
IAU,Commodity,2025-08-13,63.29,63.29,2998089,63.525,63.135,63.54,63.388999999999996,63.29749999999999,63.161799999999985
IAU,Commodity,2025-08-14,63.03,62.9,3838778,63.11,62.74,63.303999999999995,63.477999999999994,63.29449999999999,63.15519999999999
IAU,Commodity,2025-08-15,62.93,62.94,7667426,63.0454,62.82,63.08,63.443000000000005,63.285000000000004,63.1416
IAU,Commodity,2025-08-18,63.0,62.84,7055691,63.03,62.77,63.013999999999996,63.363,63.222500000000004,63.132600000000004
IAU,Commodity,2025-08-19,62.79,62.49,4419695,62.93,62.48,62.891999999999996,63.24300000000001,63.112,63.132999999999996
IAU,Commodity,2025-08-20,62.97,63.13,3608734,63.14,62.93,62.86,63.2,63.073,63.1408
IAU,Commodity,2025-08-21,63.03,62.9,6383687,63.075,62.855,62.86,63.081999999999994,63.041500000000006,63.1434
IAU,Commodity,2025-08-22,62.73,63.58,12583519,63.67,62.73,62.988,63.034000000000006,63.075,63.1526
IAU,Commodity,2025-08-25,63.41,63.44,2224893,63.63,63.4,63.108000000000004,63.06099999999999,63.121,63.1436
IAU,Commodity,2025-08-26,63.575,63.88,7909455,63.91,63.52,63.386,63.138999999999996,63.18050000000001,63.126400000000004
IAU,Commodity,2025-08-27,63.75,64.01,2931241,64.05,63.62,63.562,63.211,63.30000000000001,63.1306
IAU,Commodity,2025-08-28,64.14,64.49,4900213,64.4957,64.09,63.88000000000001,63.370000000000005,63.424000000000014,63.144000000000005
IAU,Commodity,2025-08-29,64.43,65.1,6360557,65.11,64.41,64.184,63.586,63.51450000000001,63.1764
IAU,Commodity,2025-09-02,65.69,66.65,9973169,66.725,65.56,64.826,63.967,63.665000000000006,63.24040000000001
IAU,Commodity,2025-09-03,67.12,67.2,5080798,67.44,66.8906,65.49,64.438,63.8405,63.31100000000001
IAU,Commodity,2025-09-04,66.95,66.91,6439497,67.05,66.61,66.07000000000001,64.816,64.00800000000001,63.395599999999995
IAU,Commodity,2025-09-05,67.47,67.76,8368428,67.85,67.35,66.724,65.30199999999999,64.19200000000001,63.4938
IAU,Commodity,2025-09-08,68.3,68.54,6838339,68.75,68.225,67.412,65.79799999999999,64.416,63.6086
IAU,Commodity,2025-09-09,68.99,68.41,8801415,69.26,68.36,67.76400000000001,66.29499999999999,64.678,63.7438
IAU,Commodity,2025-09-10,68.735,68.64,6802513,68.89,68.51,68.05199999999999,66.77099999999999,64.95500000000001,63.8694
IAU,Commodity,2025-09-11,68.26,68.53,10093626,68.61,68.17,68.376,67.223,65.21700000000001,63.9816
IAU,Commodity,2025-09-12,68.75,68.68,3745738,68.86705,68.63,68.56,67.64200000000001,65.50600000000001,64.089
IAU,Commodity,2025-09-15,68.86,69.38,4457779,69.45,68.835,68.728,68.07,65.828,64.21919999999999
IAU,Commodity,2025-09-16,69.62,69.54,27357693,69.79,69.325,68.95400000000001,68.35900000000001,66.16299999999998,64.3516
IAU,Commodity,2025-09-17,69.29,69.0,17507527,69.855,68.7,69.026,68.53899999999999,66.4885,64.4864
IAU,Commodity,2025-09-18,68.83,68.71,9244115,68.8599,68.35,69.062,68.71900000000001,66.7675,64.61019999999999
IAU,Commodity,2025-09-19,68.88,69.44,5765993,69.45,68.86,69.214,68.88700000000001,67.0945,64.7456
IAU,Commodity,2025-09-22,70.16,70.63,6521657,70.6459,69.985,69.464,69.09599999999999,67.447,64.89219999999999
IAU,Commodity,2025-09-23,71.3,70.94,11213850,71.4,70.71,69.744,69.349,67.822,65.05
IAU,Commodity,2025-09-24,71.0,70.29,9123029,71.01,70.04,70.002,69.51399999999998,68.1425,65.20020000000001
IAU,Commodity,2025-09-25,70.49,70.58,7896136,70.7954,70.1135,70.376,69.719,68.471,65.3496
IAU,Commodity,2025-09-26,70.8,70.99,7110625,71.2954,70.71,70.686,69.95,68.79599999999999,65.5102
IBIT,Crypto,2025-05-27,62.84,62.5,49538643,63.04,61.825,62.052,60.648,58.0395,52.425999999999995
IBIT,Crypto,2025-05-28,61.84,60.79,44241949,62.025,60.76,62.028,60.765,58.367999999999995,52.6806
IBIT,Crypto,2025-05-29,61.58,59.99,70525244,61.61,59.9,61.66799999999999,60.89,58.69199999999999,52.944199999999995
IBIT,Crypto,2025-05-30,60.045,59.46,45680038,60.26,58.855,60.914,60.96900000000001,58.917500000000004,53.16119999999999
IBIT,Crypto,2025-06-02,59.07,59.36,30733544,59.555,58.88,60.42,60.985,59.126,53.3914
IBIT,Crypto,2025-06-03,59.98,60.4,37381640,60.7799,59.71,60.0,61.025999999999996,59.4645,53.6454
IBIT,Crypto,2025-06-04,59.66,59.64,32365259,60.0035,59.16,59.77,60.899,59.748000000000005,53.83460000000001
IBIT,Crypto,2025-06-05,60.15,57.87,58411562,60.16,57.7,59.346000000000004,60.50699999999999,59.907500000000006,53.98920000000001
IBIT,Crypto,2025-06-06,59.09,59.26,34477637,59.97,59.0503,59.306,60.10999999999999,59.9895,54.19080000000001
IBIT,Crypto,2025-06-09,61.13,61.77,43950313,61.86,60.78,59.788,60.104,60.144999999999996,54.437400000000004
IBIT,Crypto,2025-06-10,62.36,62.29,32894281,62.76,61.55,60.166,60.08299999999999,60.3655,54.732000000000006
IBIT,Crypto,2025-06-11,62.4,61.84,30336883,62.79,61.6007,60.605999999999995,60.188,60.4765,55.03260000000002
IBIT,Crypto,2025-06-12,60.7,60.7,36713593,61.65,60.52,61.172000000000004,60.259,60.5745,55.280600000000014
IBIT,Crypto,2025-06-13,59.62,59.74,42127815,60.295,59.17,61.26800000000001,60.287,60.628,55.4872
IBIT,Crypto,2025-06-16,60.6,61.8,42415243,61.95,60.51,61.274,60.53099999999999,60.757999999999996,55.7918
IBIT,Crypto,2025-06-17,60.02,59.5,53900684,60.13,58.69,60.715999999999994,60.440999999999995,60.73349999999999,56.0276
IBIT,Crypto,2025-06-18,59.065,58.97,40166415,59.9,58.82,60.14200000000001,60.374,60.6365,56.3216
IBIT,Crypto,2025-06-20,60.27,58.67,35261791,60.33,58.145,59.736000000000004,60.45399999999999,60.480500000000006,56.6232
IBIT,Crypto,2025-06-23,57.48,58.67,63747161,58.76,56.625,59.522000000000006,60.394999999999996,60.2525,56.86
IBIT,Crypto,2025-06-24,59.77,60.06,40387207,60.47,59.555,59.174,60.224000000000004,60.164,57.157799999999995
IBIT,Crypto,2025-06-25,61.33,61.275,40812513,61.525,60.71,59.528999999999996,60.1225,60.10275,57.4299
IBIT,Crypto,2025-06-26,60.93,61.14,29434648,61.28,60.565,59.963,60.05250000000001,60.12025000000001,57.6871
IBIT,Crypto,2025-06-27,60.685,60.72,35637887,61.25,60.47,60.373000000000005,60.054500000000004,60.15675000000001,57.94669999999999
IBIT,Crypto,2025-06-30,61.27,61.21,34173957,61.31,60.62,60.88100000000001,60.201499999999996,60.24425,58.21169999999999
IBIT,Crypto,2025-07-01,60.58,59.84,35575457,60.925,59.825,60.837,60.005500000000005,60.26824999999999,58.4433
IBIT,Crypto,2025-07-02,61.12,62.42,65900246,62.47,61.01,61.065999999999995,60.29749999999999,60.36925,58.697299999999984
IBIT,Crypto,2025-07-03,62.21,62.19,32662368,62.94,62.015,61.275999999999996,60.619499999999995,60.49675,58.89949999999999
IBIT,Crypto,2025-07-07,61.63,61.4,37793380,61.775,61.04,61.412,60.8925,60.67325000000001,59.0635
IBIT,Crypto,2025-07-08,61.9,61.82,29471541,62.105,61.4,61.534000000000006,61.2075,60.80125,59.234700000000004
IBIT,Crypto,2025-07-09,62.29,63.58,56974395,63.76,61.63,62.282,61.5595,60.89175,59.4209
IBIT,Crypto,2025-07-10,63.14,64.5,84144876,64.81,62.8,62.698,61.88199999999999,61.002250000000004,59.6333
IBIT,Crypto,2025-07-11,66.88,67.21,78031890,67.235,66.2912,63.702,62.489,61.27075000000001,59.893100000000004
IBIT,Crypto,2025-07-14,69.17,68.18,68391579,69.46,67.735,65.058,63.23499999999999,61.64475000000001,60.186499999999995
IBIT,Crypto,2025-07-15,66.93,66.16,82079384,67.4,65.77,65.926,63.73,61.96575,60.4107
IBIT,Crypto,2025-07-16,67.55,67.83,58926959,68.24,67.142,66.77599999999998,64.529,62.267250000000004,60.663500000000006
IBIT,Crypto,2025-07-17,67.035,67.65,45310322,68.215,66.82,67.40599999999999,65.05199999999999,62.67475,60.94389999999999
IBIT,Crypto,2025-07-18,67.54,66.68,51010383,67.8375,66.545,67.30000000000001,65.501,63.06025000000001,61.1981
IBIT,Crypto,2025-07-21,67.21,66.33,47080792,67.805,66.23,66.93,65.99400000000001,63.44325000000001,61.43110000000001
IBIT,Crypto,2025-07-22,67.77,67.82,45383901,68.39,66.79,67.262,66.59400000000001,63.90075,61.6351
IBIT,Crypto,2025-07-23,67.11,67.29,34878675,67.51,66.66,67.15400000000001,66.96499999999999,64.26225,61.807700000000004
IBIT,Crypto,2025-07-24,67.5,67.66,33249929,67.98,66.965,67.15599999999999,67.28099999999998,64.58149999999999,62.003299999999996
IBIT,Crypto,2025-07-25,66.09,66.36,53995727,66.57,65.35,67.09200000000001,67.196,64.84249999999999,62.1381
IBIT,Crypto,2025-07-28,67.405,67.1,38747986,67.74,66.7,67.24600000000001,67.08800000000001,65.16149999999999,62.305299999999995
IBIT,Crypto,2025-07-29,67.61,66.71,38407325,67.665,66.37,67.02399999999999,67.143,65.4365,62.4661
IBIT,Crypto,2025-07-30,66.78,66.37,40903139,67.53,65.72,66.84,66.99700000000001,65.76299999999999,62.6095
IBIT,Crypto,2025-07-31,67.12,66.32,41463076,67.58,66.29,66.57199999999999,66.864,65.958,62.73609999999999
IBIT,Crypto,2025-08-01,65.65,64.22,69829683,65.74,64.14,66.144,66.61800000000001,66.0595,62.802299999999995
IBIT,Crypto,2025-08-04,64.792,65.2,29985169,65.74,64.7343,65.764,66.50500000000001,66.2495,62.87049999999999
IBIT,Crypto,2025-08-05,64.86,64.55,31327663,65.12,63.93,65.33200000000001,66.178,66.386,62.896899999999995
IBIT,Crypto,2025-08-06,64.71,65.51,26866652,65.78,64.4777,65.16,66.0,66.48249999999999,62.9705
IBIT,Crypto,2025-08-07,66.19,66.83,41363904,66.89,65.74,65.262,65.917,66.59899999999999,63.05710000000001
IBIT,Crypto,2025-08-08,66.38,66.13,29121353,66.7163,65.82,65.64399999999999,65.894,66.545,63.163900000000005
IBIT,Crypto,2025-08-11,67.88,67.64,43158507,68.65,67.37,66.13199999999999,65.94800000000001,66.51800000000001,63.316900000000004
IBIT,Crypto,2025-08-12,67.73,67.95,33721574,68.3,67.36,66.812,66.072,66.6075,63.4867
IBIT,Crypto,2025-08-13,68.55,69.84,54824607,69.89,68.22,67.678,66.41900000000001,66.708,63.6963
IBIT,Crypto,2025-08-14,67.21,67.03,71199629,67.88,66.55,67.71799999999999,66.49,66.677,63.828900000000004
IBIT,Crypto,2025-08-15,67.31,66.44,39585054,67.36,66.34,67.78,66.71199999999999,66.665,63.96490000000001
IBIT,Crypto,2025-08-18,65.72,66.05,33918461,66.35,65.18,67.462,66.79699999999998,66.651,64.12850000000002
IBIT,Crypto,2025-08-19,65.74,64.19,56556244,65.8058,63.9,66.71000000000001,66.761,66.46950000000001,64.22710000000001
IBIT,Crypto,2025-08-20,64.365,64.9,40798804,64.99,63.74,65.72200000000001,66.69999999999999,66.35000000000001,64.28970000000001
IBIT,Crypto,2025-08-21,64.35,63.69,34187113,64.7658,63.54,65.054,66.386,66.15150000000001,64.31770000000002
IBIT,Crypto,2025-08-22,63.8,66.25,66739180,66.755,63.56,65.016,66.398,66.14600000000002,64.40590000000002
IBIT,Crypto,2025-08-25,63.45,62.88,55863410,64.1955,62.76,64.38199999999999,65.922,65.93500000000002,64.44950000000001
IBIT,Crypto,2025-08-26,62.41,63.1,41469257,63.18,62.11,64.16400000000002,65.43700000000001,65.75450000000001,64.51670000000001
IBIT,Crypto,2025-08-27,63.245,63.65,33800772,64.02,63.045,63.914,64.81800000000001,65.61850000000001,64.55370000000002
IBIT,Crypto,2025-08-28,64.215,63.58,30895767,64.38,63.555,63.891999999999996,64.473,65.4815,64.63530000000002
IBIT,Crypto,2025-08-29,62.78,61.44,52646976,62.83,61.31,62.92999999999999,63.973,65.3425,64.6847
IBIT,Crypto,2025-09-02,62.135,62.97,46457438,63.5399,61.94,62.948,63.665000000000006,65.231,64.77070000000002
IBIT,Crypto,2025-09-03,63.26,63.77,33919892,64.0,63.1358,63.081999999999994,63.623000000000005,65.192,64.87270000000001
IBIT,Crypto,2025-09-04,62.93,62.35,32780389,63.01,62.06,62.822,63.367999999999995,65.03399999999999,64.9185
IBIT,Crypto,2025-09-05,64.12,63.42,47921768,64.345,62.545,62.79,63.340999999999994,64.8635,64.9614
IBIT,Crypto,2025-09-08,63.76,63.7,37129769,64.19,63.53,63.242,63.086,64.742,65.0126
IBIT,Crypto,2025-09-09,64.1,63.22,36145445,64.19,62.87,63.29200000000001,63.120000000000005,64.521,65.0626
IBIT,Crypto,2025-09-10,64.6,64.53,45182954,65.03,64.27,63.444,63.263,64.35000000000001,65.12899999999999
IBIT,Crypto,2025-09-11,64.625,65.03,34658172,65.21,64.575,63.98,63.400999999999996,64.1095,65.2328
IBIT,Crypto,2025-09-12,65.32,66.38,48551141,66.45,65.22,64.572,63.681,64.077,65.31200000000001
IBIT,Crypto,2025-09-15,65.36,65.5,34018370,65.66,64.93,64.93199999999999,64.08699999999999,64.03,65.3782
IBIT,Crypto,2025-09-16,65.57,66.37,33920588,66.4699,65.14,65.562,64.42699999999999,64.046,65.4776
IBIT,Crypto,2025-09-17,66.03,65.67,46293658,66.19,65.1,65.78999999999999,64.61699999999999,64.12,65.5546
IBIT,Crypto,2025-09-18,66.73,66.75,38481187,67.04,66.48,66.134,65.05699999999999,64.2125,65.618
IBIT,Crypto,2025-09-19,66.01,65.37,32989380,66.2,65.34,65.932,65.252,64.2965,65.6354
IBIT,Crypto,2025-09-22,64.175,63.65,42504051,64.46,63.58,65.562,65.247,64.1665,65.5642
IBIT,Crypto,2025-09-23,64.16,63.41,40144961,64.39,63.33,64.97,65.26599999999999,64.19300000000001,65.46880000000002
IBIT,Crypto,2025-09-24,64.2,64.42,30977567,64.78,64.07,64.72,65.255,64.259,65.434
IBIT,Crypto,2025-09-25,63.38,62.1,63817351,63.43,61.58,63.790000000000006,64.962,64.1815,65.3194
IBIT,Crypto,2025-09-26,62.01,61.94,48826041,62.65,61.67,63.104,64.518,64.0995,65.2052
SLV,Commodity,2025-05-27,30.04,30.23,12300990,30.25,29.98,30.27,29.886000000000003,29.744000000000007,29.762200000000004
SLV,Commodity,2025-05-28,30.15,29.98,11211747,30.225,29.96,30.240000000000002,29.891000000000002,29.75150000000001,29.7456
SLV,Commodity,2025-05-29,30.29,30.3,12212700,30.32,30.0501,30.198,29.996,29.7865,29.7346
SLV,Commodity,2025-05-30,30.12,30.0,14305416,30.19,29.78,30.191999999999997,30.034999999999997,29.816999999999997,29.7196
SLV,Commodity,2025-06-02,30.85,31.59,37873272,31.6,30.72,30.419999999999998,30.263999999999992,29.940500000000004,29.741400000000002
SLV,Commodity,2025-06-03,31.27,31.44,23158775,31.47,31.07,30.662,30.465999999999998,30.038500000000006,29.7698
SLV,Commodity,2025-06-04,31.32,31.34,19730517,31.43,31.23,30.933999999999997,30.587,30.09450000000001,29.797399999999996
SLV,Commodity,2025-06-05,32.625,32.45,51938525,32.775,32.09,31.363999999999997,30.781,30.242500000000007,29.8348
SLV,Commodity,2025-06-06,32.92,32.69,30260243,32.98,32.5499,31.901999999999997,31.046999999999997,30.404000000000007,29.878
SLV,Commodity,2025-06-09,33.1,33.39,33931372,33.54,33.0,32.262,31.340999999999998,30.583499999999997,29.919400000000007
SLV,Commodity,2025-06-10,33.31,33.23,29120894,33.36,33.01,32.62,31.641000000000002,30.763500000000004,29.964000000000006
SLV,Commodity,2025-06-11,32.92,32.95,34712147,33.04,32.75,32.94199999999999,31.938,30.914500000000004,30.003200000000007
SLV,Commodity,2025-06-12,32.85,33.06,21111556,33.06,32.79,33.064,32.214,31.104999999999997,30.051800000000004
SLV,Commodity,2025-06-13,33.02,32.97,21713076,33.0585,32.79,33.12,32.511,31.273000000000003,30.096000000000004
SLV,Commodity,2025-06-16,33.1,33.03,14883297,33.145,32.895,33.048,32.654999999999994,31.45949999999999,30.178799999999995
SLV,Commodity,2025-06-17,33.63,33.74,26824895,33.865,33.4501,33.15,32.885000000000005,31.6755,30.311999999999998
SLV,Commodity,2025-06-18,33.735,33.27,21945621,33.75,33.205,33.214000000000006,33.077999999999996,31.8325,30.4346
SLV,Commodity,2025-06-20,32.78,32.72,25415247,32.79,32.57,33.146,33.105,31.943,30.5462
SLV,Commodity,2025-06-23,32.81,32.96,18661946,33.045,32.78,33.144000000000005,33.132,32.0895,30.6442
SLV,Commodity,2025-06-24,32.55,32.61,20982356,32.63,32.06,33.06,33.054,32.197500000000005,30.7308
SLV,Commodity,2025-06-25,32.53,33.01,12254294,33.01,32.49,32.914,33.032,32.3365,30.807199999999998
SLV,Commodity,2025-06-26,33.13,33.34,15255188,33.365,33.0,32.928000000000004,33.071000000000005,32.5045,30.8864
SLV,Commodity,2025-06-27,32.56,32.62,17596326,32.9,32.53,32.908,33.027,32.62050000000001,30.950599999999998
SLV,Commodity,2025-06-30,32.72,32.81,10565323,32.82,32.62,32.878,33.01100000000001,32.761,31.011599999999998
SLV,Commodity,2025-07-01,32.93,32.73,13436387,33.12,32.71,32.902,32.981,32.818000000000005,31.0752
SLV,Commodity,2025-07-02,33.03,33.24,13673472,33.24,32.93,32.948,32.931000000000004,32.908,31.144199999999998
SLV,Commodity,2025-07-03,33.415,33.51,10356220,33.55,33.29,32.982,32.955,33.01649999999999,31.224399999999996
SLV,Commodity,2025-07-07,33.06,33.43,12132961,33.44,33.02,33.144,33.025999999999996,33.06549999999999,31.281799999999997
SLV,Commodity,2025-07-08,33.33,33.29,17473123,33.36,32.97,33.239999999999995,33.059000000000005,33.095499999999994,31.336400000000005
SLV,Commodity,2025-07-09,33.09,33.0,17764093,33.1399,32.96,33.294,33.098,33.07599999999999,31.3954
SLV,Commodity,2025-07-10,33.31,33.75,44301493,33.76,33.1108,33.396,33.172000000000004,33.102,31.466600000000003
SLV,Commodity,2025-07-11,34.2,35.03,57917773,35.07,34.15,33.7,33.340999999999994,33.206,31.570600000000002
SLV,Commodity,2025-07-14,35.22,34.63,40685412,35.29,34.61,33.94,33.541999999999994,33.284499999999994,31.671200000000002
SLV,Commodity,2025-07-15,34.69,34.26,34082255,34.7197,34.125,34.134,33.687,33.349000000000004,31.768600000000003
SLV,Commodity,2025-07-16,34.39,34.41,26483168,34.565,34.05,34.416,33.855,33.41799999999999,31.874400000000005
SLV,Commodity,2025-07-17,34.3,34.65,14813461,34.68,34.175,34.596,33.995999999999995,33.463499999999996,31.977800000000006
SLV,Commodity,2025-07-18,34.79,34.61,18305346,34.86,34.605,34.512,34.105999999999995,33.5305,32.0656
SLV,Commodity,2025-07-21,35.11,35.35,28710465,35.49,35.09,34.656,34.298,33.662,32.18280000000001
SLV,Commodity,2025-07-22,35.55,35.72,25205278,35.72,35.17,34.948,34.541,33.8,32.30800000000001
SLV,Commodity,2025-07-23,35.76,35.69,21882762,35.91,35.465,35.20399999999999,34.809999999999995,33.95399999999999,32.4258
SLV,Commodity,2025-07-24,35.36,35.49,11319791,35.5499,35.24,35.372,34.983999999999995,34.077999999999996,32.54300000000001
SLV,Commodity,2025-07-25,35.28,34.66,24958313,35.39,34.475,35.382,34.947,34.144,32.63760000000001
SLV,Commodity,2025-07-28,34.65,34.64,16543351,34.685,34.43,35.239999999999995,34.948,34.24499999999999,32.74540000000001
SLV,Commodity,2025-07-29,34.64,34.66,10705702,34.7799,34.48,35.028000000000006,34.988,34.33749999999999,32.84640000000001
SLV,Commodity,2025-07-30,34.12,33.51,35325633,34.295,33.4,34.592,34.898,34.37649999999999,32.930600000000005
SLV,Commodity,2025-07-31,33.3,33.32,15454449,33.35,33.1001,34.158,34.765,34.3805,33.00860000000001
SLV,Commodity,2025-08-01,33.76,33.59,16787158,33.77,33.39,33.944,34.663,34.3845,33.0778
SLV,Commodity,2025-08-04,33.93,33.98,9725836,34.049,33.8501,33.812,34.525999999999996,34.412000000000006,33.147200000000005
SLV,Commodity,2025-08-05,34.01,34.35,16451157,34.41,33.9906,33.75,34.389,34.465,33.2336
SLV,Commodity,2025-08-06,34.39,34.35,8747632,34.465,34.29,33.91799999999999,34.255,34.532500000000006,33.311600000000006
SLV,Commodity,2025-08-07,34.85,34.76,21996134,34.99,34.52,34.205999999999996,34.182,34.583000000000006,33.4022
SLV,Commodity,2025-08-08,34.78,34.88,15786088,34.89,34.51,34.464,34.20399999999999,34.5755,33.5002
SLV,Commodity,2025-08-11,34.34,34.18,10749335,34.43,34.18,34.504000000000005,34.158,34.553,33.5778
SLV,Commodity,2025-08-12,34.24,34.41,12143898,34.5318,34.11,34.516000000000005,34.133,34.5605,33.666000000000004
SLV,Commodity,2025-08-13,34.87,35.0,13185609,35.04,34.85,34.646,34.282,34.589999999999996,33.7342
SLV,Commodity,2025-08-14,34.65,34.5,15819732,34.7454,34.35,34.594,34.4,34.582499999999996,33.7954
SLV,Commodity,2025-08-15,34.34,34.5,13881745,34.52,34.2201,34.518,34.491,34.577,33.8586
SLV,Commodity,2025-08-18,34.66,34.55,8670779,34.68,34.4701,34.592,34.548,34.53699999999999,33.9006
SLV,Commodity,2025-08-19,34.47,33.87,18812899,34.54,33.85,34.484,34.50000000000001,34.4445,33.9242
SLV,Commodity,2025-08-20,34.21,34.43,10903379,34.45,34.195,34.37,34.507999999999996,34.381499999999996,33.945
SLV,Commodity,2025-08-21,34.48,34.61,10597930,34.69,34.45,34.391999999999996,34.493,34.33749999999999,33.9726
SLV,Commodity,2025-08-22,34.46,35.34,26003276,35.4651,34.4001,34.559999999999995,34.539,34.3715,34.020399999999995
SLV,Commodity,2025-08-25,35.07,35.02,10286441,35.35,35.02,34.654,34.623000000000005,34.390499999999996,34.05959999999999
SLV,Commodity,2025-08-26,34.9,35.02,13836602,35.1,34.88,34.884,34.684000000000005,34.4085,34.10059999999999
SLV,Commodity,2025-08-27,34.73,34.99,10084235,35.08,34.61,34.996,34.683,34.4825,34.139799999999994
SLV,Commodity,2025-08-28,35.41,35.52,21079110,35.52,35.225,35.17800000000001,34.785,34.5925,34.175399999999996
SLV,Commodity,2025-08-29,35.35,36.19,28952948,36.29,35.32,35.348,34.95399999999999,34.722500000000004,34.233799999999995
SLV,Commodity,2025-09-02,36.625,37.15,35875343,37.17,36.43,35.774,35.214,34.881,34.3224
SLV,Commodity,2025-09-03,37.33,37.34,27019869,37.64,37.18,36.238,35.561,35.0305,34.41
SLV,Commodity,2025-09-04,37.2,36.93,45258540,37.22,36.6301,36.626000000000005,35.81100000000001,35.159499999999994,34.4964
SLV,Commodity,2025-09-05,37.41,37.21,25435548,37.6,36.97,36.964000000000006,36.071000000000005,35.282,34.5804
SLV,Commodity,2025-09-08,37.565,37.51,25019722,37.825,37.36,37.228,36.288,35.41349999999999,34.6638
SLV,Commodity,2025-09-09,37.43,37.18,24001241,37.58,37.0101,37.234,36.504000000000005,35.5635,34.755
SLV,Commodity,2025-09-10,37.35,37.41,17743557,37.485,37.24,37.248000000000005,36.74300000000001,35.713499999999996,34.847
SLV,Commodity,2025-09-11,37.37,37.79,19051458,37.915,37.325,37.42,37.02300000000001,35.852999999999994,34.9482
SLV,Commodity,2025-09-12,38.24,38.34,19902339,38.445,38.15,37.646,37.30499999999999,36.044999999999995,35.0502
SLV,Commodity,2025-09-15,38.3,38.76,22225103,38.79,38.25,37.896,37.562,36.257999999999996,35.155199999999994
SLV,Commodity,2025-09-16,39.0,38.6,25319748,39.01,38.34,38.17999999999999,37.70700000000001,36.460499999999996,35.258599999999994
SLV,Commodity,2025-09-17,38.04,37.79,31045451,38.34,37.35,38.25599999999999,37.752,36.6565,35.3486
SLV,Commodity,2025-09-18,37.855,37.99,13289167,38.0,37.61,38.296,37.858000000000004,36.834500000000006,35.4484
SLV,Commodity,2025-09-19,38.26,39.04,36776297,39.12,38.19,38.436,38.041000000000004,37.056,35.554199999999994
SLV,Commodity,2025-09-22,39.5,40.04,32055377,40.05,39.34,38.69199999999999,38.294000000000004,37.291,35.654399999999995
SLV,Commodity,2025-09-23,40.31,39.96,28492555,40.36,39.79,38.964,38.571999999999996,37.538,35.760999999999996
SLV,Commodity,2025-09-24,40.13,39.82,31533206,40.16,39.635,39.37,38.813,37.778000000000006,35.8722
SLV,Commodity,2025-09-25,40.46,41.03,36395828,41.055,40.115,39.977999999999994,39.137,38.08,36.004599999999996
SLV,Commodity,2025-09-26,41.23,41.86,44578528,42.33,41.09,40.541999999999994,39.489,38.397,36.148799999999994
SOLZ,Crypto,2025-05-27,20.1633696994,19.8354292361,197155,20.2130576484,19.7261157483,19.65456510178,19.590964527089998,18.437210351575,16.405566668595746
SOLZ,Crypto,2025-05-28,19.6705693016,19.0138886875,168917,19.6705693016,18.9541904499,19.67708368026,19.441234861599998,18.54519717111,16.459906710656252
SOLZ,Crypto,2025-05-29,19.3322792883,18.6855483805,126433,19.3322792883,18.6268451135,19.55642099692,19.312334150319998,18.659126552340005,16.505327969224492
SOLZ,Crypto,2025-05-30,18.227861892,17.9890689414,123144,18.2477613045,17.5562567186,19.14342354286,19.203223803310003,18.711400469160004,16.535002788668
SOLZ,Crypto,2025-06-02,17.242840971,17.1433439082,161884,17.3905941091,16.9857405609,18.533455830739996,18.98867201441,18.733810121565003,16.585189368210003
SOLZ,Crypto,2025-06-03,18.118415123,18.0288677665,129263,18.3074595422,17.8945467318,18.17214353682,18.913354319299998,18.810433556685002,16.652738828331998
SOLZ,Crypto,2025-06-04,17.4517848027,17.3920865651,80861,17.7005274595,17.3423380337,17.84778311234,18.762433396299997,18.864658642045,16.673861616966
SOLZ,Crypto,2025-06-05,17.3025392086,16.3573171127,325671,17.3025392086,16.188172106,17.38213685878,18.469278927849995,18.864163977845,16.669237941578
SOLZ,Crypto,2025-06-06,16.9344000765,16.6856574197,86146,17.0333996539,16.5961100632,17.12145455444,18.13243904865,18.795119936225,16.689317669098
SOLZ,Crypto,2025-06-09,17.3224386211,17.4219356839,255516,17.5612315717,17.177869389,17.17717290958,17.855314370159995,18.69680483566,16.721344175473995
SOLZ,Crypto,2025-06-10,18.0189180603,18.3472583673,204939,18.5164033739,17.5114830403,17.24085102974,17.706497283279997,18.648730905185,16.794025990027997
SOLZ,Crypto,2025-06-11,18.7352969119,18.2179121857,205575,18.8397688278,18.1980127732,17.40601615386,17.6268996331,18.534067247350002,16.873553659183997
SOLZ,Crypto,2025-06-12,17.6905777532,17.3323883274,138190,17.9592198226,17.2987583202,17.6010303968,17.49158362779,18.401958889055003,16.931001065509996
SOLZ,Crypto,2025-06-13,16.2279709311,16.2180212249,427332,16.586160357,16.1085744559,17.50750315784,17.31447885614,18.258851329725,16.95722293184
SOLZ,Crypto,2025-06-16,17.3920865651,17.6706783407,119722,17.7373413727,17.3382586541,17.5572516892,17.367212299389998,18.177942156900002,17.049045238755994
SOLZ,Crypto,2025-06-17,16.7752047761,16.6657580071,149198,16.8548024263,16.297618875,17.220951617159997,17.23090132345,18.072127821375,17.103488622969994
SOLZ,Crypto,2025-06-18,16.1085744559,16.1483732809,143040,16.3858727697,16.0687756308,16.807043836200002,17.106529995029998,17.934481695665,17.186713757003997
SOLZ,Crypto,2025-06-20,16.476713588,15.6309885548,216953,16.476713588,15.1534026537,16.466763881680002,17.03389713924,17.751588033544998,17.263156544361998
SOLZ,Crypto,2025-06-23,14.9444588219,15.5712903171,300517,15.6011394359,14.581294543,16.33741770012,16.92246042898,17.527449738815,17.304332956394
SOLZ,Crypto,2025-06-24,16.0687756308,16.0090773931,245692,16.3175182876,15.8996306241,16.005097510600002,16.7811745999,17.31824448503,17.371122551274
SOLZ,Crypto,2025-06-25,16.4269650566,16.0986247496,151428,16.4667638817,15.9056004479,15.8916708591,16.55631123813,17.131404260704997,17.418195802757996
SOLZ,Crypto,2025-06-26,15.8552507283,15.7954571994,179364,15.9748377859,15.6957016622,15.8210876428,16.314065739500002,16.9704826863,17.434576002229996
SOLZ,Crypto,2025-06-27,15.7555948469,15.765560435,104477,16.0445969029,15.5602693194,15.84800201884,16.15738295026,16.824483289025,17.458700584498
SOLZ,Crypto,2025-06-30,16.8219127777,17.5494007118,293085,17.7586780627,16.6724289556,16.24362409778,16.29052089895,16.802499877545,17.509961027598
SOLZ,Crypto,2025-07-01,16.4432204284,16.1043904317,213513,16.5628074861,16.1043904317,16.2626867055,16.13389210805,16.750552203719998,17.530136372264
SOLZ,Crypto,2025-07-02,16.4531860166,16.9614310116,459312,17.0112589523,16.4270761757,16.4352479579,16.1634594085,16.697180365974994,17.559308837066
SOLZ,Crypto,2025-07-03,16.9614310116,16.7322224845,239686,17.2090758769,16.6325666031,16.62260101492,16.22184432886,16.664187161945,17.566417988675997
SOLZ,Crypto,2025-07-07,16.8617751303,16.5229451336,319205,16.9813621879,16.4531860166,16.77407795464,16.31103998674,16.672468562989998,17.555834983037997
SOLZ,Crypto,2025-07-08,16.8617751303,16.8019816014,211655,16.9407025883,16.5791510507,16.62459413256,16.43410911517,16.678284772074996,17.548647813924
SOLZ,Crypto,2025-07-09,17.0909836574,17.419848066,327751,17.5095383593,16.9365170413,16.88768565942,16.575186182459998,16.678180391179996,17.554811107206
SOLZ,Crypto,2025-07-10,17.5792974762,17.6789533576,744094,17.8882307085,17.2803298321,17.03119012862,16.73321904326,16.644765140694993,17.574089653564002
SOLZ,Crypto,2025-07-11,18.3366821747,18.2469918815,1203496,18.6755121715,17.8981962967,17.33414400802,16.97837251147,16.646219125484997,17.601946445258
SOLZ,Crypto,2025-07-14,18.5758562901,18.2071295289,672271,18.7552368766,18.0476801187,17.67098088708,17.222529420860003,16.68995618556,17.637949820718003
SOLZ,Crypto,2025-07-15,17.8583339441,17.7885748271,486600,18.1664699293,17.419848066,17.86829953222,17.24644683239,16.768483865669996,17.65484950516
SOLZ,Crypto,2025-07-16,18.5459595257,19.3432065767,803113,19.4030001056,18.365881348,18.25297123436,17.570328446890002,16.852110277469997,17.707810619492
SOLZ,Crypto,2025-07-17,19.5026559869,19.2634818716,757920,19.5026559869,19.0044762359,18.56987693716,17.80053353289,16.981996470694998,17.763152275642
SOLZ,Crypto,2025-07-18,20.0308321583,19.7318645141,1120888,20.2351267151,19.43289687,18.86685146368,18.100497735850002,17.161171032355,17.831637868766002
SOLZ,Crypto,2025-07-21,21.2964618519,21.7249821418,2094982,22.1933647843,21.2565994993,19.570421986259998,18.62070143667,17.465870711704998,17.938793303668
SOLZ,Crypto,2025-07-22,22.4425044878,22.2730894894,1522046,22.8211968371,21.8745656198,20.46732491872,19.16781222547,17.80096067032,18.022924328414
SOLZ,Crypto,2025-07-23,21.6352918486,21.0672533247,1430577,21.6712676218,20.6785953873,20.81213426832,19.532552751340003,18.053869466899997,18.056504641004004
SOLZ,Crypto,2025-07-24,20.6985265636,20.8380447975,914039,21.2864962637,20.3397653906,21.1270468535,19.84846189533,18.290840469295,18.087090797418004
SOLZ,Crypto,2025-07-25,19.9610730413,20.0507633346,733319,20.1703503922,19.4795358225,21.190826617600003,20.02883904064,18.503605776055,18.077882357262002
SOLZ,Crypto,2025-07-28,20.9775630314,20.3846105372,640112,21.0971500891,20.1819104745,20.922752296680002,20.24658714147,18.734558281165,18.086083458140003
SOLZ,Crypto,2025-07-29,20.2749123091,19.8361045661,689162,20.3148039221,19.5468903718,20.43535531202,20.451340115369998,18.84889347388,18.101202101232
SOLZ,Crypto,2025-07-30,19.4072697263,19.2676490808,644122,19.7662942433,18.6493290792,20.07543446324,20.443784365779997,19.007056406335,18.100777846904002
SOLZ,Crypto,2025-07-31,19.397296823,19.1380013385,604168,19.633355443,19.0831503706,19.73542577144,20.43123631247,19.11588492268,18.107896979322
SOLZ,Crypto,2025-08-01,18.3800606914,18.1207652069,563229,18.5196813369,17.9312800451,19.3494261459,20.27012638175,19.1853120588,18.092286367558003
SOLZ,Crypto,2025-08-04,17.8116052061,18.0808735939,615990,18.5196813369,17.7816864964,18.88867875724,19.90571552696,19.263208481814996,18.068126603492
SOLZ,Crypto,2025-08-05,18.2404400459,17.7019032704,401693,18.3172314009,17.6521384831,18.4618384981,19.44859690506,19.308204565265,18.021083544666
SOLZ,Crypto,2025-08-06,17.8714426256,18.4000064979,286039,18.5097084337,17.7319217092,18.28830998152,19.18187222238,19.35721248686,17.985220025247997
SOLZ,Crypto,2025-08-07,18.7690039182,18.7390852085,488127,18.8288413377,18.2504129492,18.20852675552,18.971976263480002,19.410219079404996,17.963293144695996
SOLZ,Crypto,2025-08-08,19.2576761775,19.4870529523,584813,19.5867819848,18.9687611703,18.481784304600005,18.915605225249998,19.472222132945,17.972756429992
SOLZ,Crypto,2025-08-11,19.3873239198,19.237730371,746426,19.7927224369,19.1280284352,18.71315566002,18.80091720863,19.52375217505,17.983800069801998
SOLZ,Crypto,2025-08-12,19.3673781133,20.7935032781,1381702,20.8932323107,19.1381010675,19.33147566156,18.89665707983,19.673998597599997,18.039888756535998
SOLZ,Crypto,2025-08-13,22.2495471528,22.099953604,3194957,22.3989412435,21.2223381179,20.07146508278,19.179887532149998,19.811835948965,18.139020950451997
SOLZ,Crypto,2025-08-14,21.0428258594,21.0527987627,2344680,21.701037474,20.7935032781,20.534207793620006,19.37136727457,19.90130179352,18.199499570376
SOLZ,Crypto,2025-08-15,21.0527987627,20.0056439213,1224971,21.0827174724,19.9458065018,20.637925987419997,19.55985514601,19.914990763880002,18.251770717499998
SOLZ,Crypto,2025-08-18,19.8560503726,19.9059148888,701556,20.2051019863,19.6266735978,20.77156289098,19.7423592755,19.82403740123,18.322742673022
SOLZ,Crypto,2025-08-19,19.9158877921,19.157947145,662587,19.9557794051,19.0582181125,20.444451664360002,19.88796366296,19.66828028401,18.372188467527998
SOLZ,Crypto,2025-08-20,19.636646501,20.3945871481,884003,20.4444516644,19.2520913517,20.10337837318,20.08742172798,19.63464697518,18.431641496811995
SOLZ,Crypto,2025-08-21,20.0754542441,19.5069987588,1023109,20.2449935993,19.4870529523,19.794218372400003,20.16421308301,19.568094673245,18.454836304641997
SOLZ,Crypto,2025-08-22,19.3374594035,21.6112813447,1891978,21.7109106482,19.2875948873,20.11534585708,20.376635922249996,19.64612057375,18.522703687822
SOLZ,Crypto,2025-08-25,21.4417419895,20.7436387619,2400686,21.6239469319,20.6638555359,20.282890631700003,20.527226761339996,19.664071984985,18.590928696512
SOLZ,Crypto,2025-08-26,20.3846142449,21.3619587634,1070965,21.3619587634,20.2629448252,20.72369295538,20.584072309870002,19.74036469485,18.693807447281998
SOLZ,Crypto,2025-08-27,21.9868859809,22.2964197981,1862793,22.8955175087,21.8176408776,21.10405948538,20.60371892928,19.891803230715002,18.78632227643
SOLZ,Crypto,2025-08-28,23.2150362877,22.6359085008,2576242,23.3947656009,22.3213822027,21.729841433780003,20.762029903090003,20.06669858883,18.905725286304
SOLZ,Crypto,2025-08-29,22.745743081,21.7772017822,2198797,22.8356077376,21.5831939735,21.76302552128,20.93918568918,20.249520417595,19.018301856330005
SOLZ,Crypto,2025-09-02,21.3977732321,22.0967205612,1592275,22.2464949888,21.2979236136,22.03364188114,21.15826625642,20.45031276596,19.147616496458003
SOLZ,Crypto,2025-09-03,22.6159385771,22.6259235389,1896079,22.9154874324,22.4461942257,22.286434836239998,21.505063895810004,20.696513779385,19.288709160894
SOLZ,Crypto,2025-09-04,22.3463446073,21.65738224,1061017,22.3563295691,21.6174423927,22.15862732462,21.631343405000003,20.85938256649,19.401675257831997
SOLZ,Crypto,2025-09-05,22.4661641494,22.0168408664,1013827,22.5759987297,21.6174423927,22.03481379774,21.882327615759998,21.023270349384998,19.520039580168
SOLZ,Crypto,2025-09-08,23.0852317837,23.2449911733,1571585,23.3648107154,22.8855325469,22.32837167596,22.04569859862,21.211167260434998,19.669030259646004
SOLZ,Crypto,2025-09-09,23.3847806391,23.2250212496,1130235,23.4946152194,22.6958182718,22.55403181364,22.29383684739,21.410531804365,19.818219475938005
SOLZ,Crypto,2025-09-10,24.0138332353,23.8041490365,1586850,24.2634572814,23.6743445326,22.78967691316,22.5380558747,21.561064092285,19.943314442432
SOLZ,Crypto,2025-09-11,24.2834272051,24.2934121669,1443806,24.5729910985,24.1636076629,23.31688289854,22.73775511158,21.67073702043,20.107094877136003
SOLZ,Crypto,2025-09-12,25.7212617106,25.9009910238,2637620,25.9609007949,25.5215624737,24.09371293002,23.06426336388,21.913146633485,20.285886077380002
SOLZ,Crypto,2025-09-15,25.2819233895,24.9524196486,1885490,25.441682779,24.6329008696,24.435198625079998,23.38178515052,22.160485419849998,20.450290020662
SOLZ,Crypto,2025-09-16,25.2319985802,25.4916075882,1564151,25.8194138855,24.7726903354,24.8885158928,23.72127385322,22.43977005482,20.629663269754
SOLZ,Crypto,2025-09-17,25.2020436947,25.5115775119,1632350,25.5515173593,24.8026452209,25.23000158788,24.009839250520002,22.757451573165,20.803855187964004
SOLZ,Crypto,2025-09-18,26.4202090397,26.5100736963,2302390,27.0792165214,26.1506150699,25.673333893760002,24.495108396150002,23.063225900575,20.98565970057
SOLZ,Crypto,2025-09-19,25.8111263672,25.182073771,1753566,25.9283498193,25.1021940763,25.529550443199998,24.811631686610003,23.346979651185002,21.135722108838
SOLZ,Crypto,2025-09-22,23.8341039221,23.0852317837,2477789,23.9139836168,23.0452919364,25.156112870219996,24.79565574765,23.420677173134997,21.232486906882
SOLZ,Crypto,2025-09-23,23.3348558299,22.8356077376,1671666,23.5645099523,22.7956678903,24.624912900099996,24.75671439645,23.52527562192,21.325056471055994
SOLZ,Crypto,2025-09-24,22.5460438442,22.6958182718,1520896,22.9853821653,22.4761491113,24.061761052079998,24.64588131998,23.59196859734,21.423201339949998
SOLZ,Crypto,2025-09-25,21.3478484229,20.9983747583,2896924,21.6473972782,20.509610876,22.95942126448,24.31637757912,23.52706634535,21.456304703582
SOLZ,Crypto,2025-09-26,20.67,21.38,1368730,21.5698,20.48,22.199006510279997,23.864278476739997,23.46427092031,21.498635066150005
UNG,Commodity,2025-05-27,16.66,17.07,6089702,17.145,16.62,16.891999999999996,16.921,17.3695,18.411400000000004
UNG,Commodity,2025-05-28,16.83,16.15,8838579,16.83,16.13,16.724,16.717,17.333,18.310000000000006
UNG,Commodity,2025-05-29,16.14,15.99,8708428,16.175,15.61,16.537999999999997,16.576,17.2955,18.201600000000006
UNG,Commodity,2025-05-30,16.04,15.71,6572833,16.05,15.6299,16.35,16.467000000000002,17.214999999999996,18.068800000000007
UNG,Commodity,2025-06-02,16.87,16.87,7573790,16.8959,16.665,16.358,16.483000000000004,17.142500000000002,17.9828
UNG,Commodity,2025-06-03,16.56,16.96,6070924,17.105,16.56,16.336000000000002,16.613999999999997,17.0915,17.9052
UNG,Commodity,2025-06-04,16.69,16.91,3854917,16.99,16.68,16.488,16.606,17.0685,17.8302
UNG,Commodity,2025-06-05,16.99,16.7,6855783,17.07,16.46,16.630000000000003,16.583999999999996,16.994999999999997,17.757600000000004
UNG,Commodity,2025-06-06,16.84,17.18,5596593,17.34,16.715,16.924,16.637,16.9505,17.698400000000003
UNG,Commodity,2025-06-09,16.44,16.56,7169127,16.77,16.27,16.862000000000002,16.61,16.829500000000003,17.6214
UNG,Commodity,2025-06-10,16.41,16.06,5250347,16.41,15.98,16.682,16.509,16.715,17.516
UNG,Commodity,2025-06-11,16.34,15.95,7700542,16.415,15.7,16.490000000000002,16.488999999999997,16.603,17.4028
UNG,Commodity,2025-06-12,16.42,16.07,6750303,16.445,15.76,16.363999999999997,16.497,16.5365,17.310200000000002
UNG,Commodity,2025-06-13,16.04,16.36,5568698,16.4,16.03,16.199999999999996,16.562,16.5145,17.2164
UNG,Commodity,2025-06-16,16.8,16.98,5655964,17.06,16.51,16.284,16.573,16.528000000000002,17.1246
UNG,Commodity,2025-06-17,17.37,17.58,5442974,17.6,17.205,16.588,16.635,16.6245,17.075400000000002
UNG,Commodity,2025-06-18,17.96,18.08,6006663,18.1182,17.83,17.014,16.752,16.679,17.055600000000005
UNG,Commodity,2025-06-20,18.07,17.66,6748732,18.07,17.3501,17.332,16.848,16.716,17.043200000000002
UNG,Commodity,2025-06-23,17.05,16.84,7132739,17.16,16.77,17.428,16.814,16.7255,16.987600000000004
UNG,Commodity,2025-06-24,16.46,16.25,5854092,16.62,16.16,17.282,16.783,16.696499999999997,16.943200000000004
UNG,Commodity,2025-06-25,16.06,15.85,7409380,16.18,15.7445,16.936,16.761999999999997,16.6355,16.887600000000003
UNG,Commodity,2025-06-26,15.65,15.66,10473156,15.68,15.075,16.451999999999998,16.732999999999997,16.611,16.8506
UNG,Commodity,2025-06-27,16.06,16.54,6858561,16.6,16.01,16.228,16.779999999999998,16.6385,16.8342
UNG,Commodity,2025-06-30,15.61,15.28,10495721,15.74,15.165,15.916000000000002,16.672,16.617,16.7992
UNG,Commodity,2025-07-01,14.95,15.11,7679866,15.22,14.6,15.687999999999999,16.484999999999996,16.529000000000003,16.760799999999996
UNG,Commodity,2025-07-02,15.34,15.42,4986952,15.59,15.31,15.602,16.269,16.452,16.748799999999996
UNG,Commodity,2025-07-03,15.59,15.25,5903219,15.83,15.1,15.52,15.985999999999999,16.369,16.738199999999996
UNG,Commodity,2025-07-07,14.94,15.11,5914166,15.3852,14.86,15.234,15.731,16.2895,16.725799999999996
UNG,Commodity,2025-07-08,14.86,14.83,5131996,15.04,14.745,15.144,15.530000000000005,16.172,16.7124
UNG,Commodity,2025-07-09,14.27,14.2,10515099,14.29,13.965,14.962,15.325,16.054,16.6824
UNG,Commodity,2025-07-10,14.58,14.75,6976573,14.8999,14.47,14.828,15.215,15.988499999999998,16.645000000000003
UNG,Commodity,2025-07-11,14.99,14.92,4631210,15.15,14.6043,14.762,15.141,15.936999999999998,16.605800000000002
UNG,Commodity,2025-07-14,15.26,15.29,4755785,15.51,15.175,14.798000000000002,15.016,15.898,16.576800000000002
UNG,Commodity,2025-07-15,15.35,15.54,5882203,15.705,15.15,14.939999999999998,15.041999999999998,15.857000000000003,16.5412
UNG,Commodity,2025-07-16,15.83,15.8,4815450,15.95,15.49,15.26,15.111,15.797999999999998,16.4908
UNG,Commodity,2025-07-17,15.96,15.7,9792511,16.0,15.615,15.45,15.139,15.703999999999999,16.445199999999996
UNG,Commodity,2025-07-18,15.94,15.85,5907994,16.01,15.5,15.636,15.198999999999998,15.592499999999998,16.4148
UNG,Commodity,2025-07-21,15.0,14.68,9926249,15.045,14.59,15.514,15.156,15.4435,16.345
UNG,Commodity,2025-07-22,14.39,14.47,14426046,14.53,14.32,15.3,15.12,15.325000000000003,16.273
UNG,Commodity,2025-07-23,13.99,13.71,16970820,14.02,13.67,14.882,15.071000000000002,15.197999999999999,16.167599999999997
UNG,Commodity,2025-07-24,14.0,13.86,19512125,14.1,13.7,14.514,14.982,15.098499999999998,16.0778
UNG,Commodity,2025-07-25,13.89,13.83,11393872,14.065,13.79,14.11,14.873,15.007,15.990600000000002
UNG,Commodity,2025-07-28,13.87,13.67,13369528,13.921,13.46,13.907999999999998,14.710999999999999,14.863499999999998,15.916000000000002
UNG,Commodity,2025-07-29,13.83,13.91,6434265,14.02,13.7,13.796000000000001,14.547999999999998,14.795000000000002,15.8582
UNG,Commodity,2025-07-30,13.35,13.35,9391292,13.4753,13.2628,13.723999999999998,14.303,14.707000000000003,15.791000000000004
UNG,Commodity,2025-07-31,13.19,13.59,9965285,13.6885,13.08,13.669999999999998,14.091999999999999,14.6155,15.749800000000002
UNG,Commodity,2025-08-01,13.58,13.62,4111492,13.73,13.42,13.628,13.869,14.533999999999997,15.682400000000003
UNG,Commodity,2025-08-04,13.24,12.96,11741043,13.31,12.745,13.485999999999999,13.697,14.426499999999999,15.603200000000001
UNG,Commodity,2025-08-05,13.08,13.19,6377563,13.375,13.045,13.341999999999999,13.568999999999999,14.344499999999996,15.534
UNG,Commodity,2025-08-06,13.42,13.54,5812436,13.6,13.3046,13.38,13.551999999999998,14.3115,15.468200000000001
UNG,Commodity,2025-08-07,13.48,13.53,6555291,13.845,13.35,13.367999999999999,13.519,14.250499999999999,15.397400000000003
UNG,Commodity,2025-08-08,13.38,13.2,5272615,13.4523,13.03,13.284,13.455999999999998,14.164499999999999,15.338400000000004
UNG,Commodity,2025-08-11,13.15,13.07,5634589,13.165,12.88,13.306000000000001,13.396,14.0535,15.280000000000006
UNG,Commodity,2025-08-12,12.64,12.28,16174831,12.679,12.22,13.123999999999999,13.233,13.890499999999998,15.211400000000005
UNG,Commodity,2025-08-13,12.45,12.4,10040562,12.5465,12.29,12.896,13.138000000000002,13.720499999999998,15.122000000000005
UNG,Commodity,2025-08-14,12.36,12.51,9931080,12.525,12.24,12.691999999999998,13.029999999999998,13.560999999999998,15.033000000000005
UNG,Commodity,2025-08-15,12.85,12.83,6292581,13.0299,12.775,12.617999999999999,12.951000000000002,13.41,14.951400000000005
UNG,Commodity,2025-08-18,12.59,12.72,6028457,12.85,12.55,12.547999999999998,12.927000000000001,13.312000000000001,14.871800000000006
UNG,Commodity,2025-08-19,12.28,12.16,12848729,12.28,12.015,12.524000000000001,12.824000000000002,13.1965,14.771400000000003
UNG,Commodity,2025-08-20,12.15,12.13,7808286,12.17,12.0,12.47,12.683,13.117499999999998,14.682800000000004
UNG,Commodity,2025-08-21,12.24,12.4,7945551,12.45,12.185,12.448,12.569999999999999,13.0445,14.609600000000006
UNG,Commodity,2025-08-22,12.18,11.91,11972098,12.1998,11.84,12.264000000000001,12.440999999999999,12.9485,14.528800000000004
UNG,Commodity,2025-08-25,11.75,11.95,9579359,12.0099,11.73,12.11,12.328999999999999,12.8625,14.446400000000004
UNG,Commodity,2025-08-26,11.9,11.97,8306090,11.98,11.715,12.072,12.298,12.7655,14.358600000000003
UNG,Commodity,2025-08-27,12.29,12.19,8508922,12.38,12.09,12.084,12.277,12.7075,14.262800000000002
UNG,Commodity,2025-08-28,12.25,12.57,11814048,12.74,12.14,12.117999999999999,12.283000000000001,12.656499999999998,14.162600000000005
UNG,Commodity,2025-08-29,12.65,12.83,10891260,12.85,12.425,12.302,12.283,12.617,14.057600000000004
UNG,Commodity,2025-09-02,12.45,12.78,12009889,12.82,12.3,12.468,12.289,12.608,13.960000000000003
UNG,Commodity,2025-09-03,13.14,13.06,9103243,13.21,12.92,12.686,12.379000000000001,12.6015,13.884400000000003
UNG,Commodity,2025-09-04,13.16,13.1,8295985,13.31,12.86,12.868,12.476,12.5795,13.8214
UNG,Commodity,2025-09-05,13.22,12.94,8096393,13.2451,12.89,12.942000000000002,12.53,12.549999999999999,13.763200000000001
UNG,Commodity,2025-09-08,13.41,13.16,8776045,13.46,13.09,13.008,12.654999999999998,12.547999999999998,13.713200000000002
UNG,Commodity,2025-09-09,13.28,13.26,8336299,13.3499,12.96,13.104000000000003,12.786,12.5575,13.647600000000002
UNG,Commodity,2025-09-10,12.94,12.88,5923255,13.055,12.825,13.068000000000001,12.877,12.5875,13.599600000000002
UNG,Commodity,2025-09-11,12.79,12.42,8531866,12.9254,12.39,12.931999999999999,12.9,12.5885,13.545800000000002
UNG,Commodity,2025-09-12,12.72,12.51,5782187,12.765,12.485,12.846,12.894,12.5885,13.4876
UNG,Commodity,2025-09-15,12.62,12.91,7179394,12.95,12.6,12.796000000000001,12.902000000000001,12.592499999999998,13.440799999999998
UNG,Commodity,2025-09-16,13.02,13.22,7302522,13.2761,12.96,12.788,12.946000000000002,12.617499999999996,13.402999999999997
UNG,Commodity,2025-09-17,13.35,13.1,6572878,13.4282,13.08,12.831999999999999,12.95,12.664499999999999,13.368399999999998
UNG,Commodity,2025-09-18,13.0,12.67,9210986,13.0299,12.65,12.882,12.907,12.691499999999998,13.337799999999998
UNG,Commodity,2025-09-19,12.51,12.57,7616798,12.67,12.4801,12.894,12.87,12.699999999999998,13.294199999999998
UNG,Commodity,2025-09-22,12.49,12.15,8917244,12.51,12.14,12.742,12.769,12.711999999999996,13.238799999999996
UNG,Commodity,2025-09-23,12.08,12.36,5679499,12.37,12.0647,12.57,12.679,12.732499999999998,13.180199999999997
UNG,Commodity,2025-09-24,12.25,12.36,6307122,12.5147,12.24,12.422,12.627,12.751999999999999,13.116599999999998
UNG,Commodity,2025-09-25,12.7,12.59,13007018,12.7999,12.41,12.406,12.644,12.771999999999998,13.0524
UNG,Commodity,2025-09-26,12.39,12.47,8715506,12.62,12.26,12.386,12.64,12.767,12.987800000000002
USO,Commodity,2025-05-27,67.48,67.28,3938194,67.6,66.475,67.732,68.118,66.4705,69.046
USO,Commodity,2025-05-28,68.33,67.89,5201843,68.96,67.825,67.578,67.94800000000001,66.57250000000002,68.9496
USO,Commodity,2025-05-29,67.63,67.19,4856870,67.64,66.78,67.498,67.79400000000001,66.75400000000002,68.8492
USO,Commodity,2025-05-30,67.1,67.15,8793170,67.25,65.96,67.5,67.74999999999999,66.88550000000001,68.74380000000001
USO,Commodity,2025-06-02,69.99,69.55,7125107,70.04,68.64,67.812,67.895,67.16250000000001,68.6602
USO,Commodity,2025-06-03,69.62,69.89,3996916,70.5,69.37,68.33399999999999,68.03299999999999,67.53850000000001,68.5822
USO,Commodity,2025-06-04,70.0,69.34,6455231,70.56,68.64,68.624,68.101,67.7755,68.4714
USO,Commodity,2025-06-05,70.43,69.93,2668184,70.61,69.79,69.172,68.33500000000001,68.0965,68.3736
USO,Commodity,2025-06-06,70.36,71.38,3487995,71.515,70.36,70.018,68.759,68.38550000000001,68.29279999999999
USO,Commodity,2025-06-09,71.4,72.05,2893872,72.175,71.08,70.518,69.16499999999999,68.6575,68.2242
USO,Commodity,2025-06-10,72.17,71.6,5541851,73.07,71.26,70.85999999999999,69.597,68.85749999999999,68.1608
USO,Commodity,2025-06-11,73.02,74.82,8887977,75.32,72.8,71.956,70.29,69.11899999999999,68.11059999999999
USO,Commodity,2025-06-12,74.01,75.05,11696874,75.41,73.75,72.98,71.076,69.43499999999997,68.07
USO,Commodity,2025-06-13,80.47,80.22,33971203,81.14,78.64,74.748,72.383,70.06649999999998,68.11959999999999
USO,Commodity,2025-06-16,79.012,78.59,40622391,79.6,76.25,76.056,73.287,70.59099999999998,68.2464
USO,Commodity,2025-06-17,80.44,82.3,26239280,82.89,80.09,78.196,74.52799999999999,71.28049999999999,68.53399999999999
USO,Commodity,2025-06-18,83.1,82.27,36772281,83.46,80.16,79.68599999999999,75.821,71.96099999999998,68.85979999999999
USO,Commodity,2025-06-20,82.25,83.12,14229005,83.38,81.86,81.3,77.14,72.7375,69.2554
USO,Commodity,2025-06-23,83.25,76.41,50659363,83.57,76.41,80.53799999999998,77.643,73.201,69.432
USO,Commodity,2025-06-24,73.34,73.0,16119604,73.86,71.97,79.42,77.738,73.4515,69.5856
USO,Commodity,2025-06-25,72.93,73.31,12401009,74.23,72.79,77.62199999999999,77.90899999999999,73.75300000000001,69.7226
USO,Commodity,2025-06-26,73.63,73.59,9514916,74.68,73.09,75.88600000000001,77.786,74.03800000000001,69.86120000000001
USO,Commodity,2025-06-27,74.02,73.28,11610839,74.34,72.87,73.918,77.60900000000001,74.3425,69.9972
USO,Commodity,2025-06-30,73.48,73.11,5917478,73.63,72.72,73.25800000000001,76.898,74.64049999999999,70.10440000000001
USO,Commodity,2025-07-01,73.61,73.93,4425153,74.04,73.32,73.444,76.43199999999999,74.8595,70.19340000000001
USO,Commodity,2025-07-02,74.32,75.59,6491408,76.02,73.51,73.9,75.761,75.14449999999998,70.33280000000002
USO,Commodity,2025-07-03,75.41,75.19,4394797,75.92,74.875,74.22,75.053,75.43699999999998,70.44920000000002
USO,Commodity,2025-07-07,75.84,76.48,6155001,76.885,75.57,74.86000000000001,74.38900000000001,75.76449999999998,70.61780000000003
USO,Commodity,2025-07-08,76.18,76.96,4287198,77.5852,76.05,75.63,74.444,76.04350000000001,70.78780000000002
USO,Commodity,2025-07-09,76.45,76.93,3839745,77.52,76.28,76.22999999999999,74.83700000000002,76.28750000000001,70.94580000000002
USO,Commodity,2025-07-10,75.37,75.39,6706623,75.915,74.96,76.19,75.04499999999999,76.477,71.09840000000001
USO,Commodity,2025-07-11,76.09,77.29,4487221,77.35,76.08,76.61,75.41499999999999,76.60050000000001,71.3272
USO,Commodity,2025-07-14,77.27,75.62,7289716,77.27,75.5,76.438,75.649,76.62900000000002,71.56840000000001
USO,Commodity,2025-07-15,75.31,75.26,5941420,75.88,74.935,76.098,75.864,76.381,71.78320000000001
USO,Commodity,2025-07-16,74.21,75.19,6178132,75.325,73.99,75.75,75.98999999999998,76.211,72.00680000000001
USO,Commodity,2025-07-17,75.01,76.16,4350435,76.2617,74.87,75.904,76.047,75.90400000000002,72.28259999999999
USO,Commodity,2025-07-18,76.97,75.93,7583847,77.31,75.795,75.632,76.12100000000001,75.58700000000002,72.50919999999999
USO,Commodity,2025-07-21,75.62,75.59,2884823,75.91,74.99,75.626,76.03200000000001,75.21050000000002,72.75079999999998
USO,Commodity,2025-07-22,75.06,75.35,3946271,75.47,74.55,75.644,75.87100000000001,75.1575,72.94579999999999
USO,Commodity,2025-07-23,74.81,75.28,4811523,75.33,74.44,75.66199999999999,75.70599999999999,75.2715,73.11919999999999
USO,Commodity,2025-07-24,75.87,76.09,5938372,76.34,75.145,75.648,75.776,75.41049999999998,73.289
USO,Commodity,2025-07-25,76.11,74.85,3287407,76.11,74.8,75.43199999999999,75.53200000000001,75.47349999999999,73.3942
USO,Commodity,2025-07-28,76.7,77.17,3796793,77.24,76.21,75.748,75.687,75.66799999999998,73.56299999999999
USO,Commodity,2025-07-29,77.45,79.8,7928205,80.24,77.34,76.638,76.14099999999999,76.00249999999997,73.8072
USO,Commodity,2025-07-30,80.16,81.04,4957408,81.13,79.73,77.79,76.72599999999998,76.35799999999998,74.06599999999999
USO,Commodity,2025-07-31,79.86,79.59,3817057,80.42,78.915,78.49000000000001,77.06899999999999,76.55799999999998,74.2876
USO,Commodity,2025-08-01,79.71,77.46,7087114,79.83,77.195,79.012,77.22200000000001,76.6715,74.4636
USO,Commodity,2025-08-04,75.64,76.11,5326706,77.16,75.46,78.8,77.27400000000002,76.65299999999999,74.634
USO,Commodity,2025-08-05,75.51,75.02,5894046,75.75,74.89,77.844,77.24100000000001,76.556,74.7916
USO,Commodity,2025-08-06,76.31,73.79,8908703,76.84,73.32,76.394,77.09200000000001,76.39899999999999,74.9076
USO,Commodity,2025-08-07,74.06,73.42,3578442,74.54,73.42,75.16,76.82499999999999,76.30049999999999,75.03040000000001
USO,Commodity,2025-08-08,73.93,73.3,5793413,74.4,72.39,74.328,76.66999999999999,76.10099999999998,75.13860000000001
USO,Commodity,2025-08-11,73.945,73.8,3307628,74.23,73.36,73.86600000000001,76.33299999999998,76.00999999999999,75.27080000000002
USO,Commodity,2025-08-12,73.22,72.95,2939130,73.58,72.8,73.452,75.648,75.8945,75.38680000000002
USO,Commodity,2025-08-13,72.78,72.46,5653506,72.83,71.555,73.18599999999999,74.79,75.75800000000001,75.44500000000002
USO,Commodity,2025-08-14,73.36,73.74,4551087,73.78,72.88,73.25,74.20500000000001,75.637,75.52200000000002
USO,Commodity,2025-08-15,72.72,72.8,8046891,73.225,72.29,73.15,73.739,75.48049999999999,75.59120000000001
USO,Commodity,2025-08-18,72.35,73.17,5247892,73.625,71.81,73.024,73.445,75.3595,75.65600000000002
USO,Commodity,2025-08-19,72.5,72.3,3423272,72.75,72.06,72.894,73.17299999999997,75.20700000000001,75.67440000000003
USO,Commodity,2025-08-20,73.16,73.52,3858807,73.63,72.59,73.106,73.14599999999999,75.119,75.70380000000003
USO,Commodity,2025-08-21,73.29,74.13,3185701,74.405,73.09,73.184,73.217,75.02099999999999,75.75440000000003
USO,Commodity,2025-08-22,74.28,74.64,4873347,74.73,74.12,73.55199999999999,73.351,75.0105,75.75080000000003
USO,Commodity,2025-08-25,75.19,75.75,3175804,76.12,75.17,74.068,73.54599999999999,74.93950000000001,75.76480000000004
USO,Commodity,2025-08-26,74.58,74.05,3174398,75.12,73.85,74.41799999999999,73.65599999999999,74.652,75.64140000000002
USO,Commodity,2025-08-27,74.13,74.68,3322070,75.11,74.13,74.65,73.878,74.334,75.56320000000001
USO,Commodity,2025-08-28,74.94,75.24,3522006,75.67,74.115,74.872,74.02799999999999,74.1165,75.42200000000001
USO,Commodity,2025-08-29,75.35,74.84,3510516,75.45,74.74,74.912,74.232,73.9855,75.27340000000002
USO,Commodity,2025-09-02,76.08,76.76,5380790,76.96,75.67,75.114,74.591,74.018,75.14620000000002
USO,Commodity,2025-09-03,75.61,74.83,6263357,75.83,74.59,75.27000000000001,74.84400000000001,74.00849999999998,75.11460000000001
USO,Commodity,2025-09-04,73.87,74.18,4503109,74.55,73.75,75.16999999999999,74.91000000000001,74.02799999999999,75.13820000000001
USO,Commodity,2025-09-05,73.02,72.63,5101540,73.02,71.96,74.648,74.76,73.9885,75.1246
USO,Commodity,2025-09-08,73.49,73.04,3943286,73.54,72.57,74.288,74.60000000000001,73.97549999999998,75.1136
USO,Commodity,2025-09-09,73.99,73.39,4228809,74.52,73.285,73.614,74.364,73.95499999999998,75.1158
USO,Commodity,2025-09-10,74.0,74.71,6039045,75.05,73.79,73.59,74.43,74.04300000000002,75.14779999999999
USO,Commodity,2025-09-11,73.19,73.0,3876041,73.55,72.93,73.354,74.262,74.07000000000002,75.1292
USO,Commodity,2025-09-12,74.17,73.31,4990117,74.45,73.26,73.49,74.069,74.0485,75.08359999999999
USO,Commodity,2025-09-15,74.26,74.23,3985454,74.68,73.9693,73.728,74.008,74.12000000000002,75.06439999999999
USO,Commodity,2025-09-16,75.08,75.67,5063882,75.855,74.8,74.184,73.89899999999999,74.24500000000002,75.04820000000001
USO,Commodity,2025-09-17,75.41,74.97,4020229,75.7,74.67,74.23600000000002,73.913,74.3785,75.0084
USO,Commodity,2025-09-18,75.12,74.69,4176191,75.66,74.28,74.57400000000001,73.96399999999998,74.43700000000001,74.9636
USO,Commodity,2025-09-19,73.95,73.52,5958124,74.48,73.33,74.616,74.053,74.40650000000001,74.9262
USO,Commodity,2025-09-22,72.8,73.45,2787110,73.59,72.72,74.46,74.09400000000001,74.34700000000001,74.84939999999999
USO,Commodity,2025-09-23,74.36,75.05,5617586,75.325,74.33,74.336,74.25999999999999,74.31200000000001,74.838
USO,Commodity,2025-09-24,75.88,76.39,3939925,76.69,75.58,74.61999999999999,74.42800000000001,74.42900000000002,74.86059999999999
USO,Commodity,2025-09-25,76.03,76.99,5736664,77.04,75.55,75.08,74.827,74.5445,74.89659999999999
USO,Commodity,2025-09-26,77.06,77.02,5908473,78.32,76.93,75.78,75.198,74.6335,74.91379999999998
XRPI,Crypto,2025-05-27,15.2477554468,15.1951392522,238144,15.2974871997,15.0388820845,15.389358324600002,15.389358324600002,15.389358324600002,15.389358324600002
XRPI,Crypto,2025-05-28,15.0189893833,14.4719401011,131175,15.0189893833,14.4719401011,15.160003768725002,15.160003768725002,15.160003768725002,15.160003768725002
XRPI,Crypto,2025-05-29,14.9692576304,14.7273623842,65584,14.9891503315,14.6708671128,15.07347549182,15.07347549182,15.07347549182,15.07347549182
XRPI,Crypto,2025-05-30,14.2332276871,14.1437105318,114758,14.3127984918,13.9199176437,14.75718154322,14.91851466515,14.91851466515,14.91851466515
XRPI,Crypto,2025-06-02,13.9149444684,14.0343006754,148664,14.1138714801,13.8483039195,14.514490588940001,14.7921983809,14.7921983809,14.7921983809
XRPI,Crypto,2025-06-03,14.3824229459,14.7606826586,133034,14.7606826586,14.2734109435,14.42759927022,14.7882589156125,14.7882589156125,14.7882589156125
XRPI,Crypto,2025-06-04,14.5316182046,14.3227448424,90218,14.6509744117,14.3127984918,14.397760218479998,14.736535129700002,14.736535129700002,14.736535129700002
XRPI,Crypto,2025-06-05,14.3824229459,13.8154809625,59889,14.3922698329,13.7458565084,14.215383934140002,14.644429712980003,14.644429712980003,14.644429712980003
XRPI,Crypto,2025-06-06,14.0243543248,14.0939787789,36741,14.163603233,14.0144079742,14.205437583559998,14.481309563390003,14.59438871897273,14.59438871897273
XRPI,Crypto,2025-06-09,14.6211353599,14.8996331763,124436,14.9692576304,14.5117255035,14.378504083740001,14.446497336340002,14.619825757083335,14.619825757083335
XRPI,Crypto,2025-06-10,14.929472228,14.8499014234,87213,14.9682629953,14.6852893212,14.396347836700002,14.411973553460001,14.637523885261542,14.637523885261542
XRPI,Crypto,2025-06-11,15.0786674868,14.8399550728,194899,15.1681846421,14.8140945613,14.499789882779998,14.44877505063,14.651983255800003,14.651983255800003
XRPI,Crypto,2025-06-12,14.4719401011,14.2630667388,91736,14.6002480237,14.2630667388,14.58930703804,14.402345486090002,14.626055488000002,14.626055488000002
XRPI,Crypto,2025-06-13,13.875159066,13.7458565084,104953,13.984469459,13.6861784049,14.51968258394,14.362560083750001,14.571043051775003,14.571043051775003
XRPI,Crypto,2025-06-16,14.6012426587,15.1283992397,139028,15.1283992397,14.5365913799,14.56543579662,14.47196994018,14.603828709888239,14.603828709888239
XRPI,Crypto,2025-06-17,14.3426375435,14.1337641812,135711,14.40211672,13.8502931896,14.422208348179998,14.40927809244,14.577714013850002,14.577714013850002
XRPI,Crypto,2025-06-18,13.6961247555,13.8254273131,118064,13.9447835201,13.6563393532,14.219302796239997,14.359546339509999,14.538119976968424,14.538119976968424
XRPI,Crypto,2025-06-20,14.0144079742,13.6563393532,132024,14.0144079742,13.4375196403,14.097957319119999,14.343632178579998,14.494030945780002,14.494030945780002
XRPI,Crypto,2025-06-23,12.8606313064,13.1789145251,165445,13.2485389792,12.6219188923,13.98456892246,14.2521257532,14.366717658295006,14.431406354319051
XRPI,Crypto,2025-06-24,13.9945152731,14.2232813365,133157,14.2232813365,13.8900785919,13.803545341819998,14.18449056922,14.315493952780006,14.421946126236367
XRPI,Crypto,2025-06-25,14.1834959342,14.1138714801,137806,14.3824229459,13.924890819,13.7995668016,14.110887574889997,14.261430564175,14.408551576404351
XRPI,Crypto,2025-06-26,13.778364449,13.5792551361,121010,13.778364449,13.4299231515,13.750332366200002,13.984817581219996,14.216796315925,14.373997558058337
XRPI,Crypto,2025-06-27,13.3303684951,13.360234892,73120,13.5692996705,13.2357915715,13.691111473960001,13.89453439654,14.148439941315,14.333447051416004
XRPI,Crypto,2025-06-30,13.9675182962,14.863510204,235253,14.8784434025,13.8999206845,14.02803060974,14.0062997661,14.184429924925002,14.353834095746159
XRPI,Crypto,2025-07-01,14.0073401587,13.778364449,99110,14.1218280136,13.778364449,13.93904723224,13.87129628703,14.171633113604997,14.33252040512593
XRPI,Crypto,2025-07-02,13.8779191054,14.4702693111,111887,14.5747021457,13.8779191054,14.010326798440001,13.90494680002,14.157112446229998,14.337440008910718
XRPI,Crypto,2025-07-03,14.5748017004,14.4553361127,112327,14.7639555476,14.2960486624,14.18554299376,13.96793767998,14.163742009744999,14.341505391800005
XRPI,Crypto,2025-07-07,14.6444899599,14.7141782194,258569,15.041713039,14.5748017004,14.456331659239998,14.0737215666,14.208676872589999,14.353927819386673
XRPI,Crypto,2025-07-08,14.6345344942,14.8535547383,217117,14.8535547383,14.5521032387,14.4543405661,14.241185587919997,14.246655670559997,14.370044816770973
XRPI,Crypto,2025-07-09,15.2318624328,15.4707936082,302070,15.5006600051,15.0328526746,14.79282639794,14.36593681509,14.275213692154997,14.404443216503129
XRPI,Crypto,2025-07-10,15.6201255928,16.0083887529,563411,16.0083887529,15.4309717456,15.1004502863,14.555388542370002,14.333138058629995,14.453047626696973
XRPI,Crypto,2025-07-11,17.3822430115,18.258323988,1636293,19.0262886077,17.2252453183,15.861047861360001,15.02329542756,14.504056504389997,14.564967519676472
XRPI,Crypto,2025-07-14,18.9850729799,18.7361863389,1406042,19.4629353307,18.5768988886,16.665449485259998,15.560890572249999,14.727712484395,14.684145200225716
XRPI,Crypto,2025-07-15,18.6565426137,18.3379677132,563030,18.8257855296,18.1289029347,17.36233208024,15.90833632317,14.957318044634999,14.785640270030557
XRPI,Crypto,2025-07-16,19.0746721707,19.5824009185,967380,19.6919110405,18.8456964609,18.1846535423,16.48873997012,15.180018128575,14.91528244971892
XRPI,Crypto,2025-07-17,20.6177693453,21.2150972838,2087255,21.7427369628,20.3091499103,19.22599524848,17.16322276739,15.534084783705001,15.08106705061579
XRPI,Crypto,2025-07-18,22.350020367,22.0015790695,1806482,22.7183725958,21.4142065966,19.97464626478,17.91784706307,15.942892371525001,15.258516076741026
XRPI,Crypto,2025-07-21,22.5391742142,22.7382835271,2117666,23.4242151098,22.4894964407,20.77506570242,18.72025759384,16.39698958022,15.445510263
XRPI,Crypto,2025-07-22,22.5491296799,22.768149924,1091208,23.0518806948,21.9545892717,21.66110214458,19.51171711241,16.876451350165002,15.624111230341462
XRPI,Crypto,2025-07-23,21.7228260316,20.597858414,1661851,21.7228260316,20.319105376,21.86419364368,20.02442359299,17.195180204040003,15.742533782333334
XRPI,Crypto,2025-07-24,20.2792835134,20.5182146888,927321,20.846745055,19.8711094221,21.72481712468,20.47540618658,17.515397364475003,15.853596128995349
XRPI,Crypto,2025-07-25,19.8014211626,19.4131580025,844604,19.888232823,18.9950284456,21.20713291128,20.59088958803,17.807092507794998,15.934495262484091
XRPI,Crypto,2025-07-28,20.1299515288,19.9607086129,814584,20.2593725821,19.6620446436,20.651617928439997,20.71334181543,18.13711619384,16.02396667027111
XRPI,Crypto,2025-07-29,20.0048539919,19.6661263845,468098,20.0147169429,19.2576607402,20.03121322054,20.846157682559998,18.377247002864998,16.103144055363042
XRPI,Crypto,2025-07-30,19.3473239304,19.4768374274,424983,19.875340495,18.8292699426,19.807009023219997,20.835601333449997,18.662170651785004,16.174924765406384
XRPI,Crypto,2025-07-31,19.5266503109,19.1580349734,410007,19.6943204765,19.1473750163,19.534973080140002,20.629895102409996,18.8965589349,16.237072894739587
XRPI,Crypto,2025-08-01,18.7396067524,18.8292699426,499847,19.1380101942,18.3112159548,19.41819546816,20.31266418972,19.115255626394998,16.289974875308165
XRPI,Crypto,2025-08-04,18.8193073659,19.0982595132,476494,19.3473239304,18.7595319058,19.245705648220003,19.94866178833,19.334459691084998,16.346140568066
XRPI,Crypto,2025-08-05,19.0285214764,18.4108417217,387068,19.0484466298,18.400879145,18.99464871566,19.5129309681,19.512324040255002,16.399853797004003
XRPI,Crypto,2025-08-06,18.4407294517,18.8193073659,251818,18.8890454027,18.3311411081,18.86314270336,19.335075863289997,19.679749728140003,16.471284835386005
XRPI,Crypto,2025-08-07,19.2377355869,19.3871742372,646325,19.4469496973,18.8292699426,18.90897055612,19.221971818129997,19.848689002354998,16.555125535086006
XRPI,Crypto,2025-08-08,20.8417104338,20.9413362007,1456868,21.0907748511,20.0745920288,19.331383807740004,19.37478963795,19.98283961299,16.684513457078005
XRPI,Crypto,2025-08-11,20.0148165686,19.6661263845,754956,20.2539184092,19.6661263845,19.444957182,19.345331415109996,20.029336615269997,16.783288737084003
XRPI,Crypto,2025-08-12,19.9948914152,20.6524214767,625216,20.6524214767,19.7557895747,19.893273133,19.443960924329996,20.145059303445,16.913462955982006
XRPI,Crypto,2025-08-13,20.8815607406,20.5229079798,978492,20.9004896363,20.2141677282,20.23399325578,19.548567979570002,20.192084656509998,17.043235102070003
XRPI,Crypto,2025-08-14,19.4369871207,19.16799755,767403,19.6660267587,19.0484466298,20.19015791834,19.549564237229998,20.089729669819995,17.131381399898004
XRPI,Crypto,2025-08-15,19.4170619673,19.1349217954,573508,19.4369871207,18.7296441757,19.82887503728,19.580129422510005,19.946396806114997,17.227624938958005
XRPI,Crypto,2025-08-18,18.7296441757,19.2078478568,408131,19.2377355869,18.4955236235,19.73721933174,19.59108825687,19.769875022599997,17.335472276844
XRPI,Crypto,2025-08-19,18.8790828261,17.8629000038,546879,18.9577871819,17.8330122737,19.179315037160002,19.536294085079998,19.524612526589998,17.410850701342
XRPI,Crypto,2025-08-20,17.9127128872,18.6200558321,405703,18.6300184088,17.5201873656,18.79874460762,19.5163689317,19.425722397494997,17.485259154458
XRPI,Crypto,2025-08-21,18.1020018443,17.8130871203,333950,18.1770200468,17.6835736234,18.52776252168,19.35896022001,19.290466019069996,17.544522868395998
XRPI,Crypto,2025-08-22,17.4942846663,19.0882969365,662933,19.2974114212,17.4544343595,18.5184375499,19.17365629359,19.27422296577,17.629489705669997
XRPI,Crypto,2025-08-25,18.4108417217,17.8529374271,726816,18.4506920284,17.7831993902,18.24745546396,18.99233739785,19.16883440648,17.701287119436003
XRPI,Crypto,2025-08-26,17.9426006173,18.9687460163,551973,19.1082220899,17.8586160958,18.468624666460002,18.82396985181,19.13396538807,17.805744909594
XRPI,Crypto,2025-08-27,18.5432860471,18.4634441266,483611,18.7618533046,18.3935824461,18.43730232536,18.618023466489998,19.083295723029998,17.872445807332
XRPI,Crypto,2025-08-28,18.5432860471,18.1241159643,300149,18.5732267673,18.1041554841,18.49950809416,18.513635307919998,19.031599772575,17.952252842994003
XRPI,Crypto,2025-08-29,17.655044681,17.2708054384,619222,17.655044681,17.205933878,18.13600979454,18.327223672219997,18.953676547365003,18.021160405499998
XRPI,Crypto,2025-09-02,17.0562302769,17.3356769988,609241,17.4240021235,16.9813784764,18.03255770888,18.14000658642,18.865547421645,18.094747158412
XRPI,Crypto,2025-09-03,17.50534108,17.5652225204,753799,17.7049458814,17.4354793995,17.7518530097,18.11023883808,18.823266461579998,18.182473318318
XRPI,Crypto,2025-09-04,17.4055386793,17.0362697968,216320,17.4254991595,17.0362697968,17.46641814374,17.951860234550004,18.734114583125,18.238733087523997
XRPI,Crypto,2025-09-05,17.5352818002,17.5552422804,399960,17.6650249211,17.1287866222,17.35264340696,17.926075750560003,18.642517985285004,18.307560503529995
XRPI,Crypto,2025-09-08,18.2538590851,18.2638393252,643745,18.3337010057,18.1241159643,17.551250184319997,17.84362998943,18.508643141510003,18.401252187311997
XRPI,Crypto,2025-09-09,18.4335034064,18.1740171646,484204,18.5033650869,17.9843926033,17.718918217480002,17.87573796318,18.434037680515004,18.497527832763996
XRPI,Crypto,2025-09-10,18.383602206,18.233898605,467330,18.5133453269,18.1740171646,17.852653434400004,17.802253222050002,18.313111536930002,18.564935600783997
XRPI,Crypto,2025-09-11,18.3237207656,18.5133453269,551385,18.5578571976,18.2693284573,18.148068540420002,17.807243342080003,18.212633404285,18.659635218341997
XRPI,Crypto,2025-09-12,18.5832070074,18.9724363701,642358,18.9824166101,18.4634441266,18.43150735836,17.89207538266,18.20285534529,18.749678559521996
XRPI,Crypto,2025-09-15,18.4135429262,18.2538590851,532800,18.5760212346,18.2538590851,18.42951131034,17.99038074733,18.158802209774997,18.825649018969994
XRPI,Crypto,2025-09-16,18.6031674875,18.673029168,498648,18.7029698882,18.3371940897,18.529313711020002,18.124115964250002,18.132061275334998,18.904826037941994
XRPI,Crypto,2025-09-17,18.4834046067,18.4634441266,396193,18.8027722889,18.1740171646,18.57522281534,18.21393812487,18.162088481475,18.977023825707995
XRPI,Crypto,2025-09-18,19.0123573303,18.9524758899,1104375,19.0921992509,18.817742649,18.66304892794,18.40555873418,18.178709484364997,19.046657471341994
XRPI,Crypto,2025-09-19,18.4834046067,18.1740171646,510315,18.5164392013,18.1340962043,18.50336508684,18.4674362226,18.196755986579998,19.08997003957599
XRPI,Crypto,2025-09-22,17.3157165187,17.1660129177,663217,17.4304892795,17.0961512372,18.28579585336,18.357653581850002,18.10064178564,19.06812381816999
XRPI,Crypto,2025-09-23,17.3656177191,17.2857757985,643219,17.5352818002,17.1859733978,18.00834517946,18.26882944524,18.07228370421,19.039115607361992
XRPI,Crypto,2025-09-24,17.4155189194,18.0642345238,521972,18.1440764444,17.3855781992,17.9285032589,18.251863037119996,18.027058129585004,19.033640943573992
XRPI,Crypto,2025-09-25,17.2458548382,16.6570206742,773868,17.324998142,16.487356593,17.46941221576,18.06623057185,17.936736956965,18.975133338687996
XRPI,Crypto,2025-09-26,16.58,16.92,528734,17.0399,16.331,17.21860878284,17.860986934840003,17.87653115875,18.889231393011993
